"../../../Engine/Plugins/Animation/ACLPlugin/Content/ACLAnimCurveCompressionSettings.uasset" 0
"../../../Engine/Plugins/Animation/ACLPlugin/Content/ACLAnimCurveCompressionSettings.uexp" 1
"../../../Engine/Plugins/Animation/ACLPlugin/Content/ACLAnimBoneCompressionSettings.uasset" 2
"../../../Engine/Plugins/Animation/ACLPlugin/Content/ACLAnimBoneCompressionSettings.uexp" 3
"../../../Engine/Plugins/2D/Paper2D/Content/PlaceholderTextures/DummySpriteTexture.ubulk" 4
"../../../Engine/Plugins/2D/Paper2D/Content/PlaceholderTextures/DummySpriteTexture.uasset" 5
"../../../Engine/Plugins/2D/Paper2D/Content/PlaceholderTextures/DummySpriteTexture.uexp" 6
"../../../Engine/Plugins/2D/Paper2D/Content/DummySprite.uasset" 7
"../../../Engine/Plugins/2D/Paper2D/Content/DummySprite.uexp" 8
"../../../Engine/Plugins/2D/Paper2D/Content/DefaultPaperTerrainMaterial.uasset" 9
"../../../Engine/Plugins/2D/Paper2D/Content/DefaultPaperTerrainMaterial.uexp" 10
"../../../Engine/Plugins/Interchange/Runtime/Content/Pipelines/DefaultTexturePipeline.uasset" 11
"../../../Engine/Plugins/Interchange/Runtime/Content/Pipelines/DefaultTexturePipeline.uexp" 12
"../../../Engine/Plugins/Interchange/Runtime/Content/Pipelines/DefaultSceneLevelPipeline.uasset" 13
"../../../Engine/Plugins/Interchange/Runtime/Content/Pipelines/DefaultSceneLevelPipeline.uexp" 14
"../../../Engine/Plugins/Interchange/Runtime/Content/Pipelines/DefaultSceneAssetsPipeline.uasset" 15
"../../../Engine/Plugins/Interchange/Runtime/Content/Pipelines/DefaultSceneAssetsPipeline.uexp" 16
"../../../Engine/Plugins/Interchange/Runtime/Content/Pipelines/DefaultMaterialXPipeline.uasset" 17
"../../../Engine/Plugins/Interchange/Runtime/Content/Pipelines/DefaultMaterialXPipeline.uexp" 18
"../../../Engine/Plugins/Interchange/Runtime/Content/Pipelines/DefaultMaterialPipeline.uasset" 19
"../../../Engine/Plugins/Interchange/Runtime/Content/Pipelines/DefaultMaterialPipeline.uexp" 20
"../../../Engine/Plugins/Interchange/Runtime/Content/Pipelines/DefaultGLTFSceneAssetsPipeline.uasset" 21
"../../../Engine/Plugins/Interchange/Runtime/Content/Pipelines/DefaultGLTFSceneAssetsPipeline.uexp" 22
"../../../Engine/Plugins/Interchange/Runtime/Content/Pipelines/DefaultGLTFPipeline.uasset" 23
"../../../Engine/Plugins/Interchange/Runtime/Content/Pipelines/DefaultGLTFPipeline.uexp" 24
"../../../Engine/Plugins/Interchange/Runtime/Content/Pipelines/DefaultGLTFAssetsPipeline.uasset" 25
"../../../Engine/Plugins/Interchange/Runtime/Content/Pipelines/DefaultGLTFAssetsPipeline.uexp" 26
"../../../Engine/Plugins/Interchange/Runtime/Content/Pipelines/DefaultAssetsPipeline.uasset" 27
"../../../Engine/Plugins/Interchange/Runtime/Content/Pipelines/DefaultAssetsPipeline.uexp" 28
"../../../Engine/Plugins/Animation/ControlRig/Content/Controls/DefaultGizmoLibraryNormalized.uasset" 29
"../../../Engine/Plugins/Animation/ControlRig/Content/Controls/DefaultGizmoLibraryNormalized.uexp" 30
"../../../Engine/Content/EngineSounds/Master.uasset" 31
"../../../Engine/Content/EngineSounds/Master.uexp" 32
"../../../Engine/Content/EngineMaterials/DefaultPhysicalMaterial.uasset" 33
"../../../Engine/Content/EngineMaterials/DefaultPhysicalMaterial.uexp" 34
"../../../Engine/Content/EngineMaterials/DefaultDestructiblePhysicalMaterial.uasset" 35
"../../../Engine/Content/EngineMaterials/DefaultDestructiblePhysicalMaterial.uexp" 36
"../../../Engine/Content/EngineFonts/Faces/RobotoLight.uexp" 37
"../../../Engine/Content/EngineFonts/Faces/RobotoLight.uasset" 38
"../../../Engine/Content/EngineFonts/Faces/RobotoLight.ufont" 39
"../../../Engine/Content/EngineFonts/Faces/RobotoBold.uexp" 40
"../../../Engine/Content/EngineFonts/Faces/RobotoBold.uasset" 41
"../../../Engine/Content/EngineFonts/Faces/RobotoBold.ufont" 42
"../../../Engine/Content/EngineFonts/Faces/RobotoRegular.uexp" 43
"../../../Engine/Content/EngineFonts/Faces/RobotoRegular.uasset" 44
"../../../Engine/Content/EngineFonts/Faces/RobotoRegular.ufont" 45
"../../../Engine/Content/EngineFonts/Faces/DroidSansFallback.uexp" 46
"../../../Engine/Content/EngineFonts/Faces/DroidSansFallback.uasset" 47
"../../../Engine/Content/EngineFonts/Faces/DroidSansFallback.ufont" 48
"../../../Engine/Content/EngineFonts/Faces/RobotoItalic.uexp" 49
"../../../Engine/Content/EngineFonts/Faces/RobotoItalic.uasset" 50
"../../../Engine/Content/EngineFonts/Faces/RobotoItalic.ufont" 51
"../../../Engine/Content/EngineFonts/Faces/RobotoBoldItalic.uexp" 52
"../../../Engine/Content/EngineFonts/Faces/RobotoBoldItalic.uasset" 53
"../../../Engine/Content/EngineFonts/Faces/RobotoBoldItalic.ufont" 54
"../../../Engine/Content/EngineFonts/Roboto.uasset" 55
"../../../Engine/Content/EngineFonts/Roboto.uexp" 56
"../../../Engine/Content/MobileResources/HUD/VirtualJoystick_Background.uasset" 57
"../../../Engine/Content/MobileResources/HUD/VirtualJoystick_Background.uexp" 58
"../../../Engine/Content/MobileResources/HUD/VirtualJoystick_Thumb.uasset" 59
"../../../Engine/Content/MobileResources/HUD/VirtualJoystick_Thumb.uexp" 60
"../../../Engine/Content/MobileResources/HUD/DefaultVirtualJoysticks.uasset" 61
"../../../Engine/Content/MobileResources/HUD/DefaultVirtualJoysticks.uexp" 62
"../../../Engine/Content/EditorResources/S_Actor.ubulk" 63
"../../../Engine/Content/EditorResources/S_Actor.uasset" 64
"../../../Engine/Content/EditorResources/S_Actor.uexp" 65
"../../../Engine/Plugins/Runtime/AudioWidgets/Content/Resources/ScrubHandleDown_Clamped.uasset" 66
"../../../Engine/Plugins/Runtime/AudioWidgets/Content/Resources/ScrubHandleDown_Clamped.uexp" 67
"../../../Engine/Content/EngineResources/GradientTexture0.uasset" 68
"../../../Engine/Content/EngineResources/GradientTexture0.uexp" 69
"../../../Engine/Content/EngineResources/DefaultTexture.ubulk" 70
"../../../Engine/Content/EngineResources/DefaultTexture.uasset" 71
"../../../Engine/Content/EngineResources/DefaultTexture.uexp" 72
"../../../Engine/Content/EngineResources/Black.uasset" 73
"../../../Engine/Content/EngineResources/Black.uexp" 74
"../../../Engine/Content/EngineMaterials/PreintegratedSkinBRDF.uasset" 75
"../../../Engine/Content/EngineMaterials/PreintegratedSkinBRDF.uexp" 76
"../../../Engine/Content/EngineMaterials/MiniFont.uasset" 77
"../../../Engine/Content/EngineMaterials/MiniFont.uexp" 78
"../../../Engine/Content/EngineMaterials/FastBlueNoise_vec2_128x128x64.uasset" 79
"../../../Engine/Content/EngineMaterials/FastBlueNoise_vec2_128x128x64.uexp" 80
"../../../Engine/Content/EngineMaterials/FastBlueNoise_scalar_128x128x64.uasset" 81
"../../../Engine/Content/EngineMaterials/FastBlueNoise_scalar_128x128x64.uexp" 82
"../../../Engine/Content/EngineMaterials/DefaultWhiteGrid.ubulk" 83
"../../../Engine/Content/EngineMaterials/DefaultWhiteGrid.uasset" 84
"../../../Engine/Content/EngineMaterials/DefaultWhiteGrid.uexp" 85
"../../../Engine/Content/EngineMaterials/DefaultBokeh.uasset" 86
"../../../Engine/Content/EngineMaterials/DefaultBokeh.uexp" 87
"../../../Engine/Content/EngineMaterials/DefaultBloomKernel.uasset" 88
"../../../Engine/Content/EngineMaterials/DefaultBloomKernel.uexp" 89
"../../../Engine/Content/EngineDamageTypes/DmgTypeBP_Environmental.uasset" 90
"../../../Engine/Content/EngineDamageTypes/DmgTypeBP_Environmental.uexp" 91
"../../../Engine/Content/EditorResources/S_TriggerSphere.uasset" 92
"../../../Engine/Content/EditorResources/S_TriggerSphere.uexp" 93
"../../../Engine/Content/EditorResources/S_TriggerCapsule.uasset" 94
"../../../Engine/Content/EditorResources/S_TriggerCapsule.uexp" 95
"../../../Engine/Content/EditorResources/S_TriggerBox.uasset" 96
"../../../Engine/Content/EditorResources/S_TriggerBox.uexp" 97
"../../../Engine/Content/EditorResources/S_Trigger.ubulk" 98
"../../../Engine/Content/EditorResources/S_Trigger.uasset" 99
"../../../Engine/Content/EditorResources/S_Trigger.uexp" 100
"../../../Engine/Content/EditorResources/S_Terrain.ubulk" 101
"../../../Engine/Content/EditorResources/S_Terrain.uasset" 102
"../../../Engine/Content/EditorResources/S_Terrain.uexp" 103
"../../../Engine/Content/EditorResources/S_Solver.ubulk" 104
"../../../Engine/Content/EditorResources/S_Solver.uasset" 105
"../../../Engine/Content/EditorResources/S_Solver.uexp" 106
"../../../Engine/Content/EditorResources/S_BoxReflectionCapture.uasset" 107
"../../../Engine/Content/EditorResources/S_BoxReflectionCapture.uexp" 108
"../../../Engine/Content/EditorResources/EmptyActor.uasset" 109
"../../../Engine/Content/EditorResources/EmptyActor.uexp" 110
"../../../Engine/Content/EditorResources/BSPVertex.uasset" 111
"../../../Engine/Content/EditorResources/BSPVertex.uexp" 112
"../../../Engine/Content/EditorLandscapeResources/DefaultAlphaTexture.uasset" 113
"../../../Engine/Content/EditorLandscapeResources/DefaultAlphaTexture.uexp" 114
"../../../Engine/Content/EngineResources/FilmGrains/Marcie_Grain_v3_128_M2_000.uasset" 115
"../../../Engine/Content/EngineResources/FilmGrains/Marcie_Grain_v3_128_M2_000.uexp" 116
"../../../Engine/Content/EngineMaterials/LTC/Sheen_LTC.uasset" 117
"../../../Engine/Content/EngineMaterials/LTC/Sheen_LTC.uexp" 118
"../../../Engine/Content/EngineMaterials/LTC/GGX_LTCMat.uasset" 119
"../../../Engine/Content/EngineMaterials/LTC/GGX_LTCMat.uexp" 120
"../../../Engine/Content/EngineMaterials/LTC/GGX_LTCAmp.uasset" 121
"../../../Engine/Content/EngineMaterials/LTC/GGX_LTCAmp.uexp" 122
"../../../Engine/Content/EngineMaterials/EnergyConservation/Sheen_Energy.uasset" 123
"../../../Engine/Content/EngineMaterials/EnergyConservation/Sheen_Energy.uexp" 124
"../../../Engine/Content/EngineMaterials/EnergyConservation/SheenLegacy_Energy.uasset" 125
"../../../Engine/Content/EngineMaterials/EnergyConservation/SheenLegacy_Energy.uexp" 126
"../../../Engine/Content/EngineMaterials/EnergyConservation/GGX_TransmissionEnergyArray.uasset" 127
"../../../Engine/Content/EngineMaterials/EnergyConservation/GGX_TransmissionEnergyArray.uexp" 128
"../../../Engine/Content/EngineMaterials/EnergyConservation/GGX_ReflectionEnergy.uasset" 129
"../../../Engine/Content/EngineMaterials/EnergyConservation/GGX_ReflectionEnergy.uexp" 130
"../../../Engine/Content/EngineMaterials/EnergyConservation/Diffuse_Energy.uasset" 131
"../../../Engine/Content/EngineMaterials/EnergyConservation/Diffuse_Energy.uexp" 132
"../../../Engine/Content/EditorResources/SequenceRecorder/RecordingIndicator.uasset" 133
"../../../Engine/Content/EditorResources/SequenceRecorder/RecordingIndicator.uexp" 134
"../../../Engine/Content/EditorResources/SequenceRecorder/Countdown.uasset" 135
"../../../Engine/Content/EditorResources/SequenceRecorder/Countdown.uexp" 136
"../../../Engine/Content/EditorMaterials/ParticleSystems/PSysThumbnail_OOD.ubulk" 137
"../../../Engine/Content/EditorMaterials/ParticleSystems/PSysThumbnail_OOD.uasset" 138
"../../../Engine/Content/EditorMaterials/ParticleSystems/PSysThumbnail_OOD.uexp" 139
"../../../Engine/Content/EditorMaterials/ParticleSystems/PSysThumbnail_NoImage.ubulk" 140
"../../../Engine/Content/EditorMaterials/ParticleSystems/PSysThumbnail_NoImage.uasset" 141
"../../../Engine/Content/EditorMaterials/ParticleSystems/PSysThumbnail_NoImage.uexp" 142
"C:/Users/jauma/Documents/GitHub/MistBornUE5/Misborn_Prototype/MB_Project/MB_Project/Content/Characters_UE/Mannequins/Meshes/SK_Mannequin.uasset" 143
"C:/Users/jauma/Documents/GitHub/MistBornUE5/Misborn_Prototype/MB_Project/MB_Project/Content/Characters_UE/Mannequins/Meshes/SK_Mannequin.uexp" 144
"C:/Users/jauma/Documents/GitHub/MistBornUE5/Misborn_Prototype/MB_Project/MB_Project/Content/Characters_UE/Mannequins/Textures/Quinn/T_Quinn_01_CCRCCPlastic_MSK.ubulk" 145
"C:/Users/jauma/Documents/GitHub/MistBornUE5/Misborn_Prototype/MB_Project/MB_Project/Content/Characters_UE/Mannequins/Textures/Quinn/T_Quinn_01_CCRCCPlastic_MSK.uasset" 146
"C:/Users/jauma/Documents/GitHub/MistBornUE5/Misborn_Prototype/MB_Project/MB_Project/Content/Characters_UE/Mannequins/Textures/Quinn/T_Quinn_01_CCRCCPlastic_MSK.uexp" 147
"C:/Users/jauma/Documents/GitHub/MistBornUE5/Misborn_Prototype/MB_Project/MB_Project/Content/Characters_UE/Mannequins/Textures/Quinn/T_Quinn_01ID_D.ubulk" 148
"C:/Users/jauma/Documents/GitHub/MistBornUE5/Misborn_Prototype/MB_Project/MB_Project/Content/Characters_UE/Mannequins/Textures/Quinn/T_Quinn_01ID_D.uasset" 149
"C:/Users/jauma/Documents/GitHub/MistBornUE5/Misborn_Prototype/MB_Project/MB_Project/Content/Characters_UE/Mannequins/Textures/Quinn/T_Quinn_01ID_D.uexp" 150
"C:/Users/jauma/Documents/GitHub/MistBornUE5/Misborn_Prototype/MB_Project/MB_Project/Content/Characters_UE/Mannequins/Textures/Quinn/T_Quinn_01ID_Tan.ubulk" 151
"C:/Users/jauma/Documents/GitHub/MistBornUE5/Misborn_Prototype/MB_Project/MB_Project/Content/Characters_UE/Mannequins/Textures/Quinn/T_Quinn_01ID_Tan.uasset" 152
"C:/Users/jauma/Documents/GitHub/MistBornUE5/Misborn_Prototype/MB_Project/MB_Project/Content/Characters_UE/Mannequins/Textures/Quinn/T_Quinn_01ID_Tan.uexp" 153
"C:/Users/jauma/Documents/GitHub/MistBornUE5/Misborn_Prototype/MB_Project/MB_Project/Content/Characters_UE/Mannequins/Textures/Quinn/T_Quinn_01ID_MSR_MSK.ubulk" 154
"C:/Users/jauma/Documents/GitHub/MistBornUE5/Misborn_Prototype/MB_Project/MB_Project/Content/Characters_UE/Mannequins/Textures/Quinn/T_Quinn_01ID_MSR_MSK.uasset" 155
"C:/Users/jauma/Documents/GitHub/MistBornUE5/Misborn_Prototype/MB_Project/MB_Project/Content/Characters_UE/Mannequins/Textures/Quinn/T_Quinn_01ID_MSR_MSK.uexp" 156
"C:/Users/jauma/Documents/GitHub/MistBornUE5/Misborn_Prototype/MB_Project/MB_Project/Content/Characters_UE/Mannequins/Textures/Quinn/T_Quinn_01ID_BN.ubulk" 157
"C:/Users/jauma/Documents/GitHub/MistBornUE5/Misborn_Prototype/MB_Project/MB_Project/Content/Characters_UE/Mannequins/Textures/Quinn/T_Quinn_01ID_BN.uasset" 158
"C:/Users/jauma/Documents/GitHub/MistBornUE5/Misborn_Prototype/MB_Project/MB_Project/Content/Characters_UE/Mannequins/Textures/Quinn/T_Quinn_01ID_BN.uexp" 159
"C:/Users/jauma/Documents/GitHub/MistBornUE5/Misborn_Prototype/MB_Project/MB_Project/Content/Characters_UE/Mannequins/Textures/Quinn/T_Quinn_01ID_N.ubulk" 160
"C:/Users/jauma/Documents/GitHub/MistBornUE5/Misborn_Prototype/MB_Project/MB_Project/Content/Characters_UE/Mannequins/Textures/Quinn/T_Quinn_01ID_N.uasset" 161
"C:/Users/jauma/Documents/GitHub/MistBornUE5/Misborn_Prototype/MB_Project/MB_Project/Content/Characters_UE/Mannequins/Textures/Quinn/T_Quinn_01ID_N.uexp" 162
"C:/Users/jauma/Documents/GitHub/MistBornUE5/Misborn_Prototype/MB_Project/MB_Project/Content/Characters_UE/Mannequins/Textures/Manny/T_Manny_01_BN.ubulk" 163
"C:/Users/jauma/Documents/GitHub/MistBornUE5/Misborn_Prototype/MB_Project/MB_Project/Content/Characters_UE/Mannequins/Textures/Manny/T_Manny_01_BN.uasset" 164
"C:/Users/jauma/Documents/GitHub/MistBornUE5/Misborn_Prototype/MB_Project/MB_Project/Content/Characters_UE/Mannequins/Textures/Manny/T_Manny_01_BN.uexp" 165
"C:/Users/jauma/Documents/GitHub/MistBornUE5/Misborn_Prototype/MB_Project/MB_Project/Content/Characters_UE/Mannequins/Textures/Shared/T_UE_Logo_M.uasset" 166
"C:/Users/jauma/Documents/GitHub/MistBornUE5/Misborn_Prototype/MB_Project/MB_Project/Content/Characters_UE/Mannequins/Textures/Shared/T_UE_Logo_M.uexp" 167
"C:/Users/jauma/Documents/GitHub/MistBornUE5/Misborn_Prototype/MB_Project/MB_Project/Content/Characters_UE/Mannequins/Materials/Functions/ML_BaseColorFallOff.uasset" 168
"C:/Users/jauma/Documents/GitHub/MistBornUE5/Misborn_Prototype/MB_Project/MB_Project/Content/Characters_UE/Mannequins/Materials/Functions/ML_BaseColorFallOff.uexp" 169
"C:/Users/jauma/Documents/GitHub/MistBornUE5/Misborn_Prototype/MB_Project/MB_Project/Content/Characters_UE/Mannequins/Materials/Functions/ChromaticCurve.uasset" 170
"C:/Users/jauma/Documents/GitHub/MistBornUE5/Misborn_Prototype/MB_Project/MB_Project/Content/Characters_UE/Mannequins/Materials/Functions/ChromaticCurve.uexp" 171
"C:/Users/jauma/Documents/GitHub/MistBornUE5/Misborn_Prototype/MB_Project/MB_Project/Content/Characters_UE/Mannequins/Materials/Functions/CA_Mannequin.uasset" 172
"C:/Users/jauma/Documents/GitHub/MistBornUE5/Misborn_Prototype/MB_Project/MB_Project/Content/Characters_UE/Mannequins/Materials/Functions/CA_Mannequin.uexp" 173
"C:/Users/jauma/Documents/GitHub/MistBornUE5/Misborn_Prototype/MB_Project/MB_Project/Content/Characters_UE/Mannequins/Textures/Manny/T_Manny_01_ASAOPMASK_MSK.ubulk" 174
"C:/Users/jauma/Documents/GitHub/MistBornUE5/Misborn_Prototype/MB_Project/MB_Project/Content/Characters_UE/Mannequins/Textures/Manny/T_Manny_01_ASAOPMASK_MSK.uasset" 175
"C:/Users/jauma/Documents/GitHub/MistBornUE5/Misborn_Prototype/MB_Project/MB_Project/Content/Characters_UE/Mannequins/Textures/Manny/T_Manny_01_ASAOPMASK_MSK.uexp" 176
"C:/Users/jauma/Documents/GitHub/MistBornUE5/Misborn_Prototype/MB_Project/MB_Project/Content/Characters_UE/Mannequins/Textures/Manny/T_Manny_01_N.ubulk" 177
"C:/Users/jauma/Documents/GitHub/MistBornUE5/Misborn_Prototype/MB_Project/MB_Project/Content/Characters_UE/Mannequins/Textures/Manny/T_Manny_01_N.uasset" 178
"C:/Users/jauma/Documents/GitHub/MistBornUE5/Misborn_Prototype/MB_Project/MB_Project/Content/Characters_UE/Mannequins/Textures/Manny/T_Manny_01_N.uexp" 179
"../../../Engine/Content/Functions/Engine_MaterialFunctions02/Utility/BreakOutFloat2Components.uasset" 180
"../../../Engine/Content/Functions/Engine_MaterialFunctions02/Utility/BreakOutFloat2Components.uexp" 181
"../../../Engine/Content/Functions/Engine_MaterialFunctions01/Texturing/ScaleUVsByCenter.uasset" 182
"../../../Engine/Content/Functions/Engine_MaterialFunctions01/Texturing/ScaleUVsByCenter.uexp" 183
"C:/Users/jauma/Documents/GitHub/MistBornUE5/Misborn_Prototype/MB_Project/MB_Project/Content/Characters_UE/Mannequins/Materials/Functions/MF_logo3layers.uasset" 184
"C:/Users/jauma/Documents/GitHub/MistBornUE5/Misborn_Prototype/MB_Project/MB_Project/Content/Characters_UE/Mannequins/Materials/Functions/MF_logo3layers.uexp" 185
"C:/Users/jauma/Documents/GitHub/MistBornUE5/Misborn_Prototype/MB_Project/MB_Project/Content/Characters_UE/Mannequins/Textures/Manny/T_Manny_01_Tan.ubulk" 186
"C:/Users/jauma/Documents/GitHub/MistBornUE5/Misborn_Prototype/MB_Project/MB_Project/Content/Characters_UE/Mannequins/Textures/Manny/T_Manny_01_Tan.uasset" 187
"C:/Users/jauma/Documents/GitHub/MistBornUE5/Misborn_Prototype/MB_Project/MB_Project/Content/Characters_UE/Mannequins/Textures/Manny/T_Manny_01_Tan.uexp" 188
"C:/Users/jauma/Documents/GitHub/MistBornUE5/Misborn_Prototype/MB_Project/MB_Project/Content/Characters_UE/Mannequins/Textures/Manny/T_Manny_01_CCRCCPlastic_MSK.ubulk" 189
"C:/Users/jauma/Documents/GitHub/MistBornUE5/Misborn_Prototype/MB_Project/MB_Project/Content/Characters_UE/Mannequins/Textures/Manny/T_Manny_01_CCRCCPlastic_MSK.uasset" 190
"C:/Users/jauma/Documents/GitHub/MistBornUE5/Misborn_Prototype/MB_Project/MB_Project/Content/Characters_UE/Mannequins/Textures/Manny/T_Manny_01_CCRCCPlastic_MSK.uexp" 191
"C:/Users/jauma/Documents/GitHub/MistBornUE5/Misborn_Prototype/MB_Project/MB_Project/Content/Characters_UE/Mannequins/Textures/Manny/T_Manny_01_D.ubulk" 192
"C:/Users/jauma/Documents/GitHub/MistBornUE5/Misborn_Prototype/MB_Project/MB_Project/Content/Characters_UE/Mannequins/Textures/Manny/T_Manny_01_D.uasset" 193
"C:/Users/jauma/Documents/GitHub/MistBornUE5/Misborn_Prototype/MB_Project/MB_Project/Content/Characters_UE/Mannequins/Textures/Manny/T_Manny_01_D.uexp" 194
"C:/Users/jauma/Documents/GitHub/MistBornUE5/Misborn_Prototype/MB_Project/MB_Project/Content/Characters_UE/Mannequins/Materials/Functions/MF_Diffraction.uasset" 195
"C:/Users/jauma/Documents/GitHub/MistBornUE5/Misborn_Prototype/MB_Project/MB_Project/Content/Characters_UE/Mannequins/Materials/Functions/MF_Diffraction.uexp" 196
"C:/Users/jauma/Documents/GitHub/MistBornUE5/Misborn_Prototype/MB_Project/MB_Project/Content/Characters_UE/Mannequins/Textures/Manny/T_Manny_01_MSR_MSK.ubulk" 197
"C:/Users/jauma/Documents/GitHub/MistBornUE5/Misborn_Prototype/MB_Project/MB_Project/Content/Characters_UE/Mannequins/Textures/Manny/T_Manny_01_MSR_MSK.uasset" 198
"C:/Users/jauma/Documents/GitHub/MistBornUE5/Misborn_Prototype/MB_Project/MB_Project/Content/Characters_UE/Mannequins/Textures/Manny/T_Manny_01_MSR_MSK.uexp" 199
"C:/Users/jauma/Documents/GitHub/MistBornUE5/Misborn_Prototype/MB_Project/MB_Project/Content/Characters_UE/Mannequins/Materials/M_Mannequin.uasset" 200
"C:/Users/jauma/Documents/GitHub/MistBornUE5/Misborn_Prototype/MB_Project/MB_Project/Content/Characters_UE/Mannequins/Materials/M_Mannequin.uexp" 201
"C:/Users/jauma/Documents/GitHub/MistBornUE5/Misborn_Prototype/MB_Project/MB_Project/Content/Characters_UE/Mannequins/Textures/Quinn/T_Quinn_01_ASAOMASK_MSK.ubulk" 202
"C:/Users/jauma/Documents/GitHub/MistBornUE5/Misborn_Prototype/MB_Project/MB_Project/Content/Characters_UE/Mannequins/Textures/Quinn/T_Quinn_01_ASAOMASK_MSK.uasset" 203
"C:/Users/jauma/Documents/GitHub/MistBornUE5/Misborn_Prototype/MB_Project/MB_Project/Content/Characters_UE/Mannequins/Textures/Quinn/T_Quinn_01_ASAOMASK_MSK.uexp" 204
"C:/Users/jauma/Documents/GitHub/MistBornUE5/Misborn_Prototype/MB_Project/MB_Project/Content/Characters_UE/Mannequins/Materials/Instances/Quinn/MI_Quinn_01.uasset" 205
"C:/Users/jauma/Documents/GitHub/MistBornUE5/Misborn_Prototype/MB_Project/MB_Project/Content/Characters_UE/Mannequins/Materials/Instances/Quinn/MI_Quinn_01.uexp" 206
"C:/Users/jauma/Documents/GitHub/MistBornUE5/Misborn_Prototype/MB_Project/MB_Project/Content/Characters_UE/Mannequins/Rigs/PA_Mannequin.uasset" 207
"C:/Users/jauma/Documents/GitHub/MistBornUE5/Misborn_Prototype/MB_Project/MB_Project/Content/Characters_UE/Mannequins/Rigs/PA_Mannequin.uexp" 208
"C:/Users/jauma/Documents/GitHub/MistBornUE5/Misborn_Prototype/MB_Project/MB_Project/Content/Characters_UE/Mannequins/Textures/Quinn/T_Quinn_02ID_D.ubulk" 209
"C:/Users/jauma/Documents/GitHub/MistBornUE5/Misborn_Prototype/MB_Project/MB_Project/Content/Characters_UE/Mannequins/Textures/Quinn/T_Quinn_02ID_D.uasset" 210
"C:/Users/jauma/Documents/GitHub/MistBornUE5/Misborn_Prototype/MB_Project/MB_Project/Content/Characters_UE/Mannequins/Textures/Quinn/T_Quinn_02ID_D.uexp" 211
"C:/Users/jauma/Documents/GitHub/MistBornUE5/Misborn_Prototype/MB_Project/MB_Project/Content/Characters_UE/Mannequins/Textures/Quinn/T_Quinn_02_ASAOMASK_MSK.ubulk" 212
"C:/Users/jauma/Documents/GitHub/MistBornUE5/Misborn_Prototype/MB_Project/MB_Project/Content/Characters_UE/Mannequins/Textures/Quinn/T_Quinn_02_ASAOMASK_MSK.uasset" 213
"C:/Users/jauma/Documents/GitHub/MistBornUE5/Misborn_Prototype/MB_Project/MB_Project/Content/Characters_UE/Mannequins/Textures/Quinn/T_Quinn_02_ASAOMASK_MSK.uexp" 214
"C:/Users/jauma/Documents/GitHub/MistBornUE5/Misborn_Prototype/MB_Project/MB_Project/Content/Characters_UE/Mannequins/Textures/Quinn/T_Quinn_02ID_N.ubulk" 215
"C:/Users/jauma/Documents/GitHub/MistBornUE5/Misborn_Prototype/MB_Project/MB_Project/Content/Characters_UE/Mannequins/Textures/Quinn/T_Quinn_02ID_N.uasset" 216
"C:/Users/jauma/Documents/GitHub/MistBornUE5/Misborn_Prototype/MB_Project/MB_Project/Content/Characters_UE/Mannequins/Textures/Quinn/T_Quinn_02ID_N.uexp" 217
"C:/Users/jauma/Documents/GitHub/MistBornUE5/Misborn_Prototype/MB_Project/MB_Project/Content/Characters_UE/Mannequins/Textures/Quinn/T_Quinn_02_CCRCCPlastic_MSK.ubulk" 218
"C:/Users/jauma/Documents/GitHub/MistBornUE5/Misborn_Prototype/MB_Project/MB_Project/Content/Characters_UE/Mannequins/Textures/Quinn/T_Quinn_02_CCRCCPlastic_MSK.uasset" 219
"C:/Users/jauma/Documents/GitHub/MistBornUE5/Misborn_Prototype/MB_Project/MB_Project/Content/Characters_UE/Mannequins/Textures/Quinn/T_Quinn_02_CCRCCPlastic_MSK.uexp" 220
"C:/Users/jauma/Documents/GitHub/MistBornUE5/Misborn_Prototype/MB_Project/MB_Project/Content/Characters_UE/Mannequins/Textures/Quinn/T_Quinn_02ID_Tan.ubulk" 221
"C:/Users/jauma/Documents/GitHub/MistBornUE5/Misborn_Prototype/MB_Project/MB_Project/Content/Characters_UE/Mannequins/Textures/Quinn/T_Quinn_02ID_Tan.uasset" 222
"C:/Users/jauma/Documents/GitHub/MistBornUE5/Misborn_Prototype/MB_Project/MB_Project/Content/Characters_UE/Mannequins/Textures/Quinn/T_Quinn_02ID_Tan.uexp" 223
"C:/Users/jauma/Documents/GitHub/MistBornUE5/Misborn_Prototype/MB_Project/MB_Project/Content/Characters_UE/Mannequins/Textures/Quinn/T_Quinn_02ID_BN.ubulk" 224
"C:/Users/jauma/Documents/GitHub/MistBornUE5/Misborn_Prototype/MB_Project/MB_Project/Content/Characters_UE/Mannequins/Textures/Quinn/T_Quinn_02ID_BN.uasset" 225
"C:/Users/jauma/Documents/GitHub/MistBornUE5/Misborn_Prototype/MB_Project/MB_Project/Content/Characters_UE/Mannequins/Textures/Quinn/T_Quinn_02ID_BN.uexp" 226
"C:/Users/jauma/Documents/GitHub/MistBornUE5/Misborn_Prototype/MB_Project/MB_Project/Content/Characters_UE/Mannequins/Textures/Quinn/T_Quinn_02ID_MSR_MSK.ubulk" 227
"C:/Users/jauma/Documents/GitHub/MistBornUE5/Misborn_Prototype/MB_Project/MB_Project/Content/Characters_UE/Mannequins/Textures/Quinn/T_Quinn_02ID_MSR_MSK.uasset" 228
"C:/Users/jauma/Documents/GitHub/MistBornUE5/Misborn_Prototype/MB_Project/MB_Project/Content/Characters_UE/Mannequins/Textures/Quinn/T_Quinn_02ID_MSR_MSK.uexp" 229
"C:/Users/jauma/Documents/GitHub/MistBornUE5/Misborn_Prototype/MB_Project/MB_Project/Content/Characters_UE/Mannequins/Materials/Instances/Quinn/MI_Quinn_02.uasset" 230
"C:/Users/jauma/Documents/GitHub/MistBornUE5/Misborn_Prototype/MB_Project/MB_Project/Content/Characters_UE/Mannequins/Materials/Instances/Quinn/MI_Quinn_02.uexp" 231
"C:/Users/jauma/Documents/GitHub/MistBornUE5/Misborn_Prototype/MB_Project/MB_Project/Content/Characters_UE/Mannequins/Meshes/SKM_Quinn_Simple.uasset" 232
"C:/Users/jauma/Documents/GitHub/MistBornUE5/Misborn_Prototype/MB_Project/MB_Project/Content/Characters_UE/Mannequins/Meshes/SKM_Quinn_Simple.uexp" 233
"C:/Users/jauma/Documents/GitHub/MistBornUE5/Misborn_Prototype/MB_Project/MB_Project/Content/ThirdPerson/Input/Actions/IA_Jump.uasset" 234
"C:/Users/jauma/Documents/GitHub/MistBornUE5/Misborn_Prototype/MB_Project/MB_Project/Content/ThirdPerson/Input/Actions/IA_Jump.uexp" 235
"C:/Users/jauma/Documents/GitHub/MistBornUE5/Misborn_Prototype/MB_Project/MB_Project/Content/ThirdPerson/Input/Actions/IA_PewterSprint.uasset" 236
"C:/Users/jauma/Documents/GitHub/MistBornUE5/Misborn_Prototype/MB_Project/MB_Project/Content/ThirdPerson/Input/Actions/IA_PewterSprint.uexp" 237
"C:/Users/jauma/Documents/GitHub/MistBornUE5/Misborn_Prototype/MB_Project/MB_Project/Content/ThirdPerson/Input/Actions/IA_Pull.uasset" 238
"C:/Users/jauma/Documents/GitHub/MistBornUE5/Misborn_Prototype/MB_Project/MB_Project/Content/ThirdPerson/Input/Actions/IA_Pull.uexp" 239
"C:/Users/jauma/Documents/GitHub/MistBornUE5/Misborn_Prototype/MB_Project/MB_Project/Content/ThirdPerson/Input/Actions/IA_Look.uasset" 240
"C:/Users/jauma/Documents/GitHub/MistBornUE5/Misborn_Prototype/MB_Project/MB_Project/Content/ThirdPerson/Input/Actions/IA_Look.uexp" 241
"C:/Users/jauma/Documents/GitHub/MistBornUE5/Misborn_Prototype/MB_Project/MB_Project/Content/ThirdPerson/Input/Actions/IA_Move.uasset" 242
"C:/Users/jauma/Documents/GitHub/MistBornUE5/Misborn_Prototype/MB_Project/MB_Project/Content/ThirdPerson/Input/Actions/IA_Move.uexp" 243
"C:/Users/jauma/Documents/GitHub/MistBornUE5/Misborn_Prototype/MB_Project/MB_Project/Content/ThirdPerson/Input/IMC_Default.uasset" 244
"C:/Users/jauma/Documents/GitHub/MistBornUE5/Misborn_Prototype/MB_Project/MB_Project/Content/ThirdPerson/Input/IMC_Default.uexp" 245
"../../../Engine/Content/Animation/DefaultAnimCurveCompressionSettings.uasset" 246
"../../../Engine/Content/Animation/DefaultAnimCurveCompressionSettings.uexp" 247
"../../../Engine/Content/Animation/DefaultVariableFrameStrippingSettings.uasset" 248
"../../../Engine/Content/Animation/DefaultVariableFrameStrippingSettings.uexp" 249
"../../../Engine/Content/Animation/DefaultAnimBoneCompressionSettings.uasset" 250
"../../../Engine/Content/Animation/DefaultAnimBoneCompressionSettings.uexp" 251
"C:/Users/jauma/Documents/GitHub/MistBornUE5/Misborn_Prototype/MB_Project/MB_Project/Content/Characters_UE/Mannequins/Animations/Quinn/MF_Walk_Fwd.uasset" 252
"C:/Users/jauma/Documents/GitHub/MistBornUE5/Misborn_Prototype/MB_Project/MB_Project/Content/Characters_UE/Mannequins/Animations/Quinn/MF_Walk_Fwd.uexp" 253
"C:/Users/jauma/Documents/GitHub/MistBornUE5/Misborn_Prototype/MB_Project/MB_Project/Content/Characters_UE/Mannequins/Animations/Quinn/MF_Run_Fwd.uasset" 254
"C:/Users/jauma/Documents/GitHub/MistBornUE5/Misborn_Prototype/MB_Project/MB_Project/Content/Characters_UE/Mannequins/Animations/Quinn/MF_Run_Fwd.uexp" 255
"../../../Engine/Content/Animation/DefaultRecorderBoneCompression.uasset" 256
"../../../Engine/Content/Animation/DefaultRecorderBoneCompression.uexp" 257
"C:/Users/jauma/Documents/GitHub/MistBornUE5/Misborn_Prototype/MB_Project/MB_Project/Content/Characters_UE/Mannequins/Animations/Manny/MM_Walk_InPlace.uasset" 258
"C:/Users/jauma/Documents/GitHub/MistBornUE5/Misborn_Prototype/MB_Project/MB_Project/Content/Characters_UE/Mannequins/Animations/Manny/MM_Walk_InPlace.uexp" 259
"C:/Users/jauma/Documents/GitHub/MistBornUE5/Misborn_Prototype/MB_Project/MB_Project/Content/Characters_UE/Mannequins/Animations/Quinn/BS_MF_Unarmed_WalkRun.uasset" 260
"C:/Users/jauma/Documents/GitHub/MistBornUE5/Misborn_Prototype/MB_Project/MB_Project/Content/Characters_UE/Mannequins/Animations/Quinn/BS_MF_Unarmed_WalkRun.uexp" 261
"../../../Engine/Plugins/Animation/ControlRig/Content/Controls/DefaultGizmoLibrary.uasset" 262
"../../../Engine/Plugins/Animation/ControlRig/Content/Controls/DefaultGizmoLibrary.uexp" 263
"C:/Users/jauma/Documents/GitHub/MistBornUE5/Misborn_Prototype/MB_Project/MB_Project/Content/Characters_UE/Mannequins/Rigs/CR_Mannequin_BasicFootIK.uasset" 264
"C:/Users/jauma/Documents/GitHub/MistBornUE5/Misborn_Prototype/MB_Project/MB_Project/Content/Characters_UE/Mannequins/Rigs/CR_Mannequin_BasicFootIK.uexp" 265
"C:/Users/jauma/Documents/GitHub/MistBornUE5/Misborn_Prototype/MB_Project/MB_Project/Content/Characters_UE/Mannequins/Animations/Manny/MM_Idle.uasset" 266
"C:/Users/jauma/Documents/GitHub/MistBornUE5/Misborn_Prototype/MB_Project/MB_Project/Content/Characters_UE/Mannequins/Animations/Manny/MM_Idle.uexp" 267
"C:/Users/jauma/Documents/GitHub/MistBornUE5/Misborn_Prototype/MB_Project/MB_Project/Content/Characters_UE/Mannequins/Animations/Manny/MM_Fall_Loop.uasset" 268
"C:/Users/jauma/Documents/GitHub/MistBornUE5/Misborn_Prototype/MB_Project/MB_Project/Content/Characters_UE/Mannequins/Animations/Manny/MM_Fall_Loop.uexp" 269
"C:/Users/jauma/Documents/GitHub/MistBornUE5/Misborn_Prototype/MB_Project/MB_Project/Content/Characters_UE/Mannequins/Animations/Manny/MM_Run_Fwd.uasset" 270
"C:/Users/jauma/Documents/GitHub/MistBornUE5/Misborn_Prototype/MB_Project/MB_Project/Content/Characters_UE/Mannequins/Animations/Manny/MM_Run_Fwd.uexp" 271
"C:/Users/jauma/Documents/GitHub/MistBornUE5/Misborn_Prototype/MB_Project/MB_Project/Content/Characters_UE/Mannequins/Animations/Manny/MM_Walk_Fwd.uasset" 272
"C:/Users/jauma/Documents/GitHub/MistBornUE5/Misborn_Prototype/MB_Project/MB_Project/Content/Characters_UE/Mannequins/Animations/Manny/MM_Walk_Fwd.uexp" 273
"C:/Users/jauma/Documents/GitHub/MistBornUE5/Misborn_Prototype/MB_Project/MB_Project/Content/Characters_UE/Mannequins/Animations/Manny/BS_MM_WalkRun.uasset" 274
"C:/Users/jauma/Documents/GitHub/MistBornUE5/Misborn_Prototype/MB_Project/MB_Project/Content/Characters_UE/Mannequins/Animations/Manny/BS_MM_WalkRun.uexp" 275
"C:/Users/jauma/Documents/GitHub/MistBornUE5/Misborn_Prototype/MB_Project/MB_Project/Content/Characters_UE/Mannequins/Animations/Manny/MM_Land.uasset" 276
"C:/Users/jauma/Documents/GitHub/MistBornUE5/Misborn_Prototype/MB_Project/MB_Project/Content/Characters_UE/Mannequins/Animations/Manny/MM_Land.uexp" 277
"C:/Users/jauma/Documents/GitHub/MistBornUE5/Misborn_Prototype/MB_Project/MB_Project/Content/Characters_UE/Mannequins/Animations/Manny/MM_Jump.uasset" 278
"C:/Users/jauma/Documents/GitHub/MistBornUE5/Misborn_Prototype/MB_Project/MB_Project/Content/Characters_UE/Mannequins/Animations/Manny/MM_Jump.uexp" 279
"C:/Users/jauma/Documents/GitHub/MistBornUE5/Misborn_Prototype/MB_Project/MB_Project/Content/Characters_UE/Mannequins/Animations/ABP_Manny.uasset" 280
"C:/Users/jauma/Documents/GitHub/MistBornUE5/Misborn_Prototype/MB_Project/MB_Project/Content/Characters_UE/Mannequins/Animations/ABP_Manny.uexp" 281
"C:/Users/jauma/Documents/GitHub/MistBornUE5/Misborn_Prototype/MB_Project/MB_Project/Content/Characters_UE/Mannequins/Animations/Quinn/MF_Idle.uasset" 282
"C:/Users/jauma/Documents/GitHub/MistBornUE5/Misborn_Prototype/MB_Project/MB_Project/Content/Characters_UE/Mannequins/Animations/Quinn/MF_Idle.uexp" 283
"C:/Users/jauma/Documents/GitHub/MistBornUE5/Misborn_Prototype/MB_Project/MB_Project/Content/Characters_UE/Mannequins/Animations/ABP_Quinn.uasset" 284
"C:/Users/jauma/Documents/GitHub/MistBornUE5/Misborn_Prototype/MB_Project/MB_Project/Content/Characters_UE/Mannequins/Animations/ABP_Quinn.uexp" 285
"C:/Users/jauma/Documents/GitHub/MistBornUE5/Misborn_Prototype/MB_Project/MB_Project/Content/ThirdPerson/Blueprints/BP_ThirdPersonCharacter.uasset" 286
"C:/Users/jauma/Documents/GitHub/MistBornUE5/Misborn_Prototype/MB_Project/MB_Project/Content/ThirdPerson/Blueprints/BP_ThirdPersonCharacter.uexp" 287
"C:/Users/jauma/Documents/GitHub/MistBornUE5/Misborn_Prototype/MB_Project/MB_Project/Content/GameAssets/DataAssets/CF_PullAccelerationMultiplyer.uasset" 288
"C:/Users/jauma/Documents/GitHub/MistBornUE5/Misborn_Prototype/MB_Project/MB_Project/Content/GameAssets/DataAssets/CF_PullAccelerationMultiplyer.uexp" 289
"C:/Users/jauma/Documents/GitHub/MistBornUE5/Misborn_Prototype/MB_Project/MB_Project/Content/GameAssets/DataAssets/CF_SpeedMultiplyer.uasset" 290
"C:/Users/jauma/Documents/GitHub/MistBornUE5/Misborn_Prototype/MB_Project/MB_Project/Content/GameAssets/DataAssets/CF_SpeedMultiplyer.uexp" 291
"C:/Users/jauma/Documents/GitHub/MistBornUE5/Misborn_Prototype/MB_Project/MB_Project/Content/GameAssets/CustomVariables/CameraData.uasset" 292
"C:/Users/jauma/Documents/GitHub/MistBornUE5/Misborn_Prototype/MB_Project/MB_Project/Content/GameAssets/CustomVariables/CameraData.uexp" 293
"../../../Engine/Plugins/FX/Niagara/Content/DefaultAssets/DefaultRIbbonMaterial.uasset" 294
"../../../Engine/Plugins/FX/Niagara/Content/DefaultAssets/DefaultRIbbonMaterial.uexp" 295
"C:/Users/jauma/Documents/GitHub/MistBornUE5/Misborn_Prototype/MB_Project/MB_Project/Content/ThirdPerson/VFX/NS_FlyTrails.uasset" 296
"C:/Users/jauma/Documents/GitHub/MistBornUE5/Misborn_Prototype/MB_Project/MB_Project/Content/ThirdPerson/VFX/NS_FlyTrails.uexp" 297
"C:/Users/jauma/Documents/GitHub/MistBornUE5/Misborn_Prototype/MB_Project/MB_Project/Content/GameAssets/DataAssets/CF_CameraTransition1.uasset" 298
"C:/Users/jauma/Documents/GitHub/MistBornUE5/Misborn_Prototype/MB_Project/MB_Project/Content/GameAssets/DataAssets/CF_CameraTransition1.uexp" 299
"C:/Users/jauma/Documents/GitHub/MistBornUE5/Misborn_Prototype/MB_Project/MB_Project/Content/GameAssets/DataAssets/CF_JumpMultiplyer.uasset" 300
"C:/Users/jauma/Documents/GitHub/MistBornUE5/Misborn_Prototype/MB_Project/MB_Project/Content/GameAssets/DataAssets/CF_JumpMultiplyer.uexp" 301
"C:/Users/jauma/Documents/GitHub/MistBornUE5/Misborn_Prototype/MB_Project/MB_Project/Content/GameAssets/Materials/MetalsDebug/M_SelectableMat.uasset" 302
"C:/Users/jauma/Documents/GitHub/MistBornUE5/Misborn_Prototype/MB_Project/MB_Project/Content/GameAssets/Materials/MetalsDebug/M_SelectableMat.uexp" 303
"../../../Engine/Plugins/Enterprise/DatasmithContent/Content/Materials/AliasReference.uasset" 304
"../../../Engine/Plugins/Enterprise/DatasmithContent/Content/Materials/AliasReference.uexp" 305
"C:/Users/jauma/Documents/GitHub/MistBornUE5/Misborn_Prototype/MB_Project/MB_Project/Content/GameAssets/Materials/MetalsDebug/M_SelectedMat.uasset" 306
"C:/Users/jauma/Documents/GitHub/MistBornUE5/Misborn_Prototype/MB_Project/MB_Project/Content/GameAssets/Materials/MetalsDebug/M_SelectedMat.uexp" 307
"C:/Users/jauma/Documents/GitHub/MistBornUE5/Misborn_Prototype/MB_Project/MB_Project/Content/LevelPrototyping/Materials/M_Solid.uasset" 308
"C:/Users/jauma/Documents/GitHub/MistBornUE5/Misborn_Prototype/MB_Project/MB_Project/Content/LevelPrototyping/Materials/M_Solid.uexp" 309
"C:/Users/jauma/Documents/GitHub/MistBornUE5/Misborn_Prototype/MB_Project/MB_Project/Content/LevelPrototyping/Materials/MI_Solid_Blue.uasset" 310
"C:/Users/jauma/Documents/GitHub/MistBornUE5/Misborn_Prototype/MB_Project/MB_Project/Content/LevelPrototyping/Materials/MI_Solid_Blue.uexp" 311
"C:/Users/jauma/Documents/GitHub/MistBornUE5/Misborn_Prototype/MB_Project/MB_Project/Content/LevelPrototyping/Meshes/SM_ChamferCube.ubulk" 312
"C:/Users/jauma/Documents/GitHub/MistBornUE5/Misborn_Prototype/MB_Project/MB_Project/Content/LevelPrototyping/Meshes/SM_ChamferCube.uasset" 313
"C:/Users/jauma/Documents/GitHub/MistBornUE5/Misborn_Prototype/MB_Project/MB_Project/Content/LevelPrototyping/Meshes/SM_ChamferCube.uexp" 314
"C:/Users/jauma/Documents/GitHub/MistBornUE5/Misborn_Prototype/MB_Project/MB_Project/Content/GameAssets/Materials/MetalsDebug/M_InteractuableMat.uasset" 315
"C:/Users/jauma/Documents/GitHub/MistBornUE5/Misborn_Prototype/MB_Project/MB_Project/Content/GameAssets/Materials/MetalsDebug/M_InteractuableMat.uexp" 316
"C:/Users/jauma/Documents/GitHub/MistBornUE5/Misborn_Prototype/MB_Project/MB_Project/Content/GameAssets/Materials/MetalsDebug/M_NonInteractuableMat.uasset" 317
"C:/Users/jauma/Documents/GitHub/MistBornUE5/Misborn_Prototype/MB_Project/MB_Project/Content/GameAssets/Materials/MetalsDebug/M_NonInteractuableMat.uexp" 318
"C:/Users/jauma/Documents/GitHub/MistBornUE5/Misborn_Prototype/MB_Project/MB_Project/Content/ThirdPerson/Blueprints/BP_Metal.uasset" 319
"C:/Users/jauma/Documents/GitHub/MistBornUE5/Misborn_Prototype/MB_Project/MB_Project/Content/ThirdPerson/Blueprints/BP_Metal.uexp" 320
"C:/Users/jauma/Documents/GitHub/MistBornUE5/Misborn_Prototype/MB_Project/MB_Project/Content/GameAssets/DataAssets/CF_SpeedDeAccelerationMultiplyer.uasset" 321
"C:/Users/jauma/Documents/GitHub/MistBornUE5/Misborn_Prototype/MB_Project/MB_Project/Content/GameAssets/DataAssets/CF_SpeedDeAccelerationMultiplyer.uexp" 322
"C:/Users/jauma/Documents/GitHub/MistBornUE5/Misborn_Prototype/MB_Project/MB_Project/Content/ThirdPerson/Blueprints/Widgets/UI/among-us-yellow-shakes-booty-512x512.ubulk" 323
"C:/Users/jauma/Documents/GitHub/MistBornUE5/Misborn_Prototype/MB_Project/MB_Project/Content/ThirdPerson/Blueprints/Widgets/UI/among-us-yellow-shakes-booty-512x512.uasset" 324
"C:/Users/jauma/Documents/GitHub/MistBornUE5/Misborn_Prototype/MB_Project/MB_Project/Content/ThirdPerson/Blueprints/Widgets/UI/among-us-yellow-shakes-booty-512x512.uexp" 325
"C:/Users/jauma/Documents/GitHub/MistBornUE5/Misborn_Prototype/MB_Project/MB_Project/Content/ThirdPerson/Blueprints/Widgets/UI/BP_Mirilla.uasset" 326
"C:/Users/jauma/Documents/GitHub/MistBornUE5/Misborn_Prototype/MB_Project/MB_Project/Content/ThirdPerson/Blueprints/Widgets/UI/BP_Mirilla.uexp" 327
"C:/Users/jauma/Documents/GitHub/MistBornUE5/Misborn_Prototype/MB_Project/MB_Project/Content/GameAssets/DataAssets/Abilities/CF_PullTurnRateCurve.uasset" 328
"C:/Users/jauma/Documents/GitHub/MistBornUE5/Misborn_Prototype/MB_Project/MB_Project/Content/GameAssets/DataAssets/Abilities/CF_PullTurnRateCurve.uexp" 329
"C:/Users/jauma/Documents/GitHub/MistBornUE5/Misborn_Prototype/MB_Project/MB_Project/Content/GameAssets/DataAssets/Abilities/CF_PullForceCurve.uasset" 330
"C:/Users/jauma/Documents/GitHub/MistBornUE5/Misborn_Prototype/MB_Project/MB_Project/Content/GameAssets/DataAssets/Abilities/CF_PullForceCurve.uexp" 331
"C:/Users/jauma/Documents/GitHub/MistBornUE5/Misborn_Prototype/MB_Project/MB_Project/Content/ThirdPerson/Blueprints/Abilities/BP_PullAbility.uasset" 332
"C:/Users/jauma/Documents/GitHub/MistBornUE5/Misborn_Prototype/MB_Project/MB_Project/Content/ThirdPerson/Blueprints/Abilities/BP_PullAbility.uexp" 333
"C:/Users/jauma/Documents/GitHub/MistBornUE5/Misborn_Prototype/MB_Project/MB_Project/Content/ThirdPerson/Blueprints/BP_MB_ProjectCharacter.uasset" 334
"C:/Users/jauma/Documents/GitHub/MistBornUE5/Misborn_Prototype/MB_Project/MB_Project/Content/ThirdPerson/Blueprints/BP_MB_ProjectCharacter.uexp" 335
"C:/Users/jauma/Documents/GitHub/MistBornUE5/Misborn_Prototype/MB_Project/MB_Project/Content/ThirdPerson/Blueprints/LevelBPs/BP_TeleporterPortal.uasset" 336
"C:/Users/jauma/Documents/GitHub/MistBornUE5/Misborn_Prototype/MB_Project/MB_Project/Content/ThirdPerson/Blueprints/LevelBPs/BP_TeleporterPortal.uexp" 337
"C:/Users/jauma/Documents/GitHub/MistBornUE5/Misborn_Prototype/MB_Project/MB_Project/Content/ThirdPerson/Blueprints/LevelBPs/BP_TeleporterBox.uasset" 338
"C:/Users/jauma/Documents/GitHub/MistBornUE5/Misborn_Prototype/MB_Project/MB_Project/Content/ThirdPerson/Blueprints/LevelBPs/BP_TeleporterBox.uexp" 339
"../../../Engine/Content/EngineResources/DefaultTextureCube.uasset" 340
"../../../Engine/Content/EngineResources/DefaultTextureCube.uexp" 341
"../../../Engine/Content/EngineResources/DefaultVolumeTexture2D.uasset" 342
"../../../Engine/Content/EngineResources/DefaultVolumeTexture2D.uexp" 343
"../../../Engine/Content/EngineResources/DefaultVolumeTexture.uasset" 344
"../../../Engine/Content/EngineResources/DefaultVolumeTexture.uexp" 345
"../../../Engine/Content/Functions/Engine_MaterialFunctions02/WorldPositionOffset/CameraOffset.uasset" 346
"../../../Engine/Content/Functions/Engine_MaterialFunctions02/WorldPositionOffset/CameraOffset.uexp" 347
"../../../Engine/Plugins/Animation/ControlRig/Content/M_Manip.uasset" 348
"../../../Engine/Plugins/Animation/ControlRig/Content/M_Manip.uexp" 349
"../../../Engine/Plugins/Runtime/MeshModelingToolset/Content/Materials/M_DynamicMeshComponentVtxColor.uasset" 350
"../../../Engine/Plugins/Runtime/MeshModelingToolset/Content/Materials/M_DynamicMeshComponentVtxColor.uexp" 351
"../../../Engine/Plugins/Runtime/HairStrands/Content/Materials/HairMeshesDefaultMaterial.uasset" 352
"../../../Engine/Plugins/Runtime/HairStrands/Content/Materials/HairMeshesDefaultMaterial.uexp" 353
"../../../Engine/Plugins/Runtime/HairStrands/Content/Materials/HairDefaultMaterial.uasset" 354
"../../../Engine/Plugins/Runtime/HairStrands/Content/Materials/HairDefaultMaterial.uexp" 355
"../../../Engine/Plugins/Runtime/HairStrands/Content/Materials/HairGroupColors.uasset" 356
"../../../Engine/Plugins/Runtime/HairStrands/Content/Materials/HairGroupColors.uexp" 357
"../../../Engine/Content/Functions/Engine_MaterialFunctions02/Utility/MakeFloat2.uasset" 358
"../../../Engine/Content/Functions/Engine_MaterialFunctions02/Utility/MakeFloat2.uexp" 359
"../../../Engine/Content/Functions/Engine_MaterialFunctions02/Utility/MakeFloat3.uasset" 360
"../../../Engine/Content/Functions/Engine_MaterialFunctions02/Utility/MakeFloat3.uexp" 361
"../../../Engine/Content/EngineMaterials/HairColorMap.uasset" 362
"../../../Engine/Content/EngineMaterials/HairColorMap.uexp" 363
"../../../Engine/Content/EngineMaterials/HairDebugColor.uasset" 364
"../../../Engine/Content/EngineMaterials/HairDebugColor.uexp" 365
"../../../Engine/Plugins/Runtime/HairStrands/Content/Materials/HairDebugMaterial.uasset" 366
"../../../Engine/Plugins/Runtime/HairStrands/Content/Materials/HairDebugMaterial.uexp" 367
"../../../Engine/Plugins/Runtime/HairStrands/Content/Materials/HairCardsDefaultMaterial.uasset" 368
"../../../Engine/Plugins/Runtime/HairStrands/Content/Materials/HairCardsDefaultMaterial.uexp" 369
"../../../Engine/Plugins/Interchange/Assets/Content/Functions/MX_UsdPreviewSurface.uasset" 370
"../../../Engine/Plugins/Interchange/Assets/Content/Functions/MX_UsdPreviewSurface.uexp" 371
"../../../Engine/Plugins/Interchange/Assets/Content/Functions/MX_UniformEDF.uasset" 372
"../../../Engine/Plugins/Interchange/Assets/Content/Functions/MX_UniformEDF.uexp" 373
"../../../Engine/Plugins/Interchange/Assets/Content/Functions/MX_TranslucentBSDF.uasset" 374
"../../../Engine/Plugins/Interchange/Assets/Content/Functions/MX_TranslucentBSDF.uexp" 375
"../../../Engine/Plugins/Interchange/Assets/Content/Functions/MX_ThinFilmBSDF.uasset" 376
"../../../Engine/Plugins/Interchange/Assets/Content/Functions/MX_ThinFilmBSDF.uexp" 377
"../../../Engine/Plugins/Interchange/Assets/Content/Functions/MX_SurfaceUnlit.uasset" 378
"../../../Engine/Plugins/Interchange/Assets/Content/Functions/MX_SurfaceUnlit.uexp" 379
"../../../Engine/Plugins/Interchange/Assets/Content/Functions/MX_Surface.uasset" 380
"../../../Engine/Plugins/Interchange/Assets/Content/Functions/MX_Surface.uexp" 381
"../../../Engine/Plugins/Interchange/Assets/Content/Functions/MX_SubsurfaceBSDF.uasset" 382
"../../../Engine/Plugins/Interchange/Assets/Content/Functions/MX_SubsurfaceBSDF.uexp" 383
"../../../Engine/Plugins/Interchange/Assets/Content/Functions/MX_SheenBSDF.uasset" 384
"../../../Engine/Plugins/Interchange/Assets/Content/Functions/MX_SheenBSDF.uexp" 385
"../../../Engine/Plugins/Interchange/Assets/Content/Functions/MX_OrenNayarBSDF.uasset" 386
"../../../Engine/Plugins/Interchange/Assets/Content/Functions/MX_OrenNayarBSDF.uexp" 387
"../../../Engine/Plugins/Interchange/Assets/Content/Utilities/New_LUT.uasset" 388
"../../../Engine/Plugins/Interchange/Assets/Content/Utilities/New_LUT.uexp" 389
"../../../Engine/Content/Functions/Engine_MaterialFunctions03/Math/RemapValueRange.uasset" 390
"../../../Engine/Content/Functions/Engine_MaterialFunctions03/Math/RemapValueRange.uexp" 391
"../../../Engine/Plugins/Interchange/Assets/Content/Functions/MF_Iridescence.uasset" 392
"../../../Engine/Plugins/Interchange/Assets/Content/Functions/MF_Iridescence.uexp" 393
"../../../Engine/Plugins/Interchange/Assets/Content/Functions/MX_StandardSurface.uasset" 394
"../../../Engine/Plugins/Interchange/Assets/Content/Functions/MX_StandardSurface.uexp" 395
"../../../Engine/Plugins/Interchange/Assets/Content/Functions/MX_TransmissionSurface.uasset" 396
"../../../Engine/Plugins/Interchange/Assets/Content/Functions/MX_TransmissionSurface.uexp" 397
"../../../Engine/Plugins/Interchange/Assets/Content/Functions/MX_OpenPBR_Translucent.uasset" 398
"../../../Engine/Plugins/Interchange/Assets/Content/Functions/MX_OpenPBR_Translucent.uexp" 399
"../../../Engine/Plugins/Interchange/Assets/Content/Functions/MX_OpenPBR_Opaque.uasset" 400
"../../../Engine/Plugins/Interchange/Assets/Content/Functions/MX_OpenPBR_Opaque.uexp" 401
"../../../Engine/Plugins/Interchange/Assets/Content/Functions/MX_MeasuredEDF.uasset" 402
"../../../Engine/Plugins/Interchange/Assets/Content/Functions/MX_MeasuredEDF.uexp" 403
"../../../Engine/Plugins/Interchange/Assets/Content/Functions/MX_GeneralizedSchlickBSDF.uasset" 404
"../../../Engine/Plugins/Interchange/Assets/Content/Functions/MX_GeneralizedSchlickBSDF.uexp" 405
"../../../Engine/Plugins/Interchange/Assets/Content/Functions/MX_DielectricBSDF.uasset" 406
"../../../Engine/Plugins/Interchange/Assets/Content/Functions/MX_DielectricBSDF.uexp" 407
"../../../Engine/Plugins/Interchange/Assets/Content/Functions/MX_ConicalEDF.uasset" 408
"../../../Engine/Plugins/Interchange/Assets/Content/Functions/MX_ConicalEDF.uexp" 409
"../../../Engine/Plugins/Interchange/Assets/Content/Functions/MX_ConductorBSDF.uasset" 410
"../../../Engine/Plugins/Interchange/Assets/Content/Functions/MX_ConductorBSDF.uexp" 411
"../../../Engine/Plugins/Interchange/Assets/Content/Functions/MX_BurleyDiffuseBSDF.uasset" 412
"../../../Engine/Plugins/Interchange/Assets/Content/Functions/MX_BurleyDiffuseBSDF.uexp" 413
"../../../Engine/Plugins/Interchange/Assets/Content/Functions/MX_AnisotropicVDF.uasset" 414
"../../../Engine/Plugins/Interchange/Assets/Content/Functions/MX_AnisotropicVDF.uexp" 415
"../../../Engine/Plugins/Interchange/Assets/Content/Functions/MX_AbsorptionVDF.uasset" 416
"../../../Engine/Plugins/Interchange/Assets/Content/Functions/MX_AbsorptionVDF.uexp" 417
"../../../Engine/Plugins/Editor/SpeedTreeImporter/Content/SpeedTree9/game_wind_noise.ubulk" 418
"../../../Engine/Plugins/Editor/SpeedTreeImporter/Content/SpeedTree9/game_wind_noise.uasset" 419
"../../../Engine/Plugins/Editor/SpeedTreeImporter/Content/SpeedTree9/game_wind_noise.uexp" 420
"../../../Engine/Plugins/Editor/SpeedTreeImporter/Content/SpeedTree9/UnpackDirection.uasset" 421
"../../../Engine/Plugins/Editor/SpeedTreeImporter/Content/SpeedTree9/UnpackDirection.uexp" 422
"../../../Engine/Content/Functions/Engine_MaterialFunctions02/ObjectLocalBounds.uasset" 423
"../../../Engine/Content/Functions/Engine_MaterialFunctions02/ObjectLocalBounds.uexp" 424
"../../../Engine/Content/Functions/Engine_MaterialFunctions02/Utility/BreakOutFloat3Components.uasset" 425
"../../../Engine/Content/Functions/Engine_MaterialFunctions02/Utility/BreakOutFloat3Components.uexp" 426
"../../../Engine/Content/Functions/Engine_MaterialFunctions02/UVs/BoundingBoxBased_0-1_UVW.uasset" 427
"../../../Engine/Content/Functions/Engine_MaterialFunctions02/UVs/BoundingBoxBased_0-1_UVW.uexp" 428
"../../../Engine/Content/Functions/Engine_MaterialFunctions02/Utility/VectorLength.uasset" 429
"../../../Engine/Content/Functions/Engine_MaterialFunctions02/Utility/VectorLength.uexp" 430
"../../../Engine/Plugins/Editor/SpeedTreeImporter/Content/SpeedTree9/UnpackInteger3.uasset" 431
"../../../Engine/Plugins/Editor/SpeedTreeImporter/Content/SpeedTree9/UnpackInteger3.uexp" 432
"../../../Engine/Plugins/Editor/SpeedTreeImporter/Content/SpeedTree9/SpeedTreeCameraFacing.uasset" 433
"../../../Engine/Plugins/Editor/SpeedTreeImporter/Content/SpeedTree9/SpeedTreeCameraFacing.uexp" 434
"../../../Engine/Content/Functions/Engine_MaterialFunctions02/WorldPositionOffset/ObjectScale.uasset" 435
"../../../Engine/Content/Functions/Engine_MaterialFunctions02/WorldPositionOffset/ObjectScale.uexp" 436
"../../../Engine/Content/Functions/Engine_MaterialFunctions02/SafeNormalize.uasset" 437
"../../../Engine/Content/Functions/Engine_MaterialFunctions02/SafeNormalize.uexp" 438
"../../../Engine/Plugins/Editor/SpeedTreeImporter/Content/SpeedTree9/SpeedTreeWindMotion.uasset" 439
"../../../Engine/Plugins/Editor/SpeedTreeImporter/Content/SpeedTree9/SpeedTreeWindMotion.uexp" 440
"../../../Engine/Plugins/Editor/SpeedTreeImporter/Content/SpeedTree9/SpeedTreeBranchMotion.uasset" 441
"../../../Engine/Plugins/Editor/SpeedTreeImporter/Content/SpeedTree9/SpeedTreeBranchMotion.uexp" 442
"../../../Engine/Plugins/Editor/SpeedTreeImporter/Content/SpeedTree9/SpeedTreeWind.uasset" 443
"../../../Engine/Plugins/Editor/SpeedTreeImporter/Content/SpeedTree9/SpeedTreeWind.uexp" 444
"../../../Engine/Plugins/Editor/SpeedTreeImporter/Content/SpeedTree9/EmptyNormal.uasset" 445
"../../../Engine/Plugins/Editor/SpeedTreeImporter/Content/SpeedTree9/EmptyNormal.uexp" 446
"../../../Engine/Plugins/Editor/SpeedTreeImporter/Content/SpeedTree9/Empty.uasset" 447
"../../../Engine/Plugins/Editor/SpeedTreeImporter/Content/SpeedTree9/Empty.uexp" 448
"../../../Engine/Plugins/Editor/SpeedTreeImporter/Content/SpeedTree9/SpeedTreeMaster.uasset" 449
"../../../Engine/Plugins/Editor/SpeedTreeImporter/Content/SpeedTree9/SpeedTreeMaster.uexp" 450
"../../../Engine/Plugins/Editor/SpeedTreeImporter/Content/SpeedTree9/SpeedTreeBillboard.uasset" 451
"../../../Engine/Plugins/Editor/SpeedTreeImporter/Content/SpeedTree9/SpeedTreeBillboard.uexp" 452
"../../../Engine/Plugins/Editor/SpeedTreeImporter/Content/SpeedTree9/SpeedTreeBillboardMaster.uasset" 453
"../../../Engine/Plugins/Editor/SpeedTreeImporter/Content/SpeedTree9/SpeedTreeBillboardMaster.uexp" 454
"../../../Engine/Plugins/Animation/ControlRig/Content/Controls/ControlRigXRayMaterial.uasset" 455
"../../../Engine/Plugins/Animation/ControlRig/Content/Controls/ControlRigXRayMaterial.uexp" 456
"../../../Engine/Plugins/Animation/ControlRig/Content/Controls/ControlRigGizmoMaterial.uasset" 457
"../../../Engine/Plugins/Animation/ControlRig/Content/Controls/ControlRigGizmoMaterial.uexp" 458
"../../../Engine/Content/EngineMaterials/RemoveSurfaceMaterial.uasset" 459
"../../../Engine/Content/EngineMaterials/RemoveSurfaceMaterial.uexp" 460
"../../../Engine/Content/EngineMaterials/DefaultCalibrationGrayscale.uasset" 461
"../../../Engine/Content/EngineMaterials/DefaultCalibrationGrayscale.uexp" 462
"../../../Engine/Content/EngineMaterials/PPM_DefaultCalibrationGrayscale.uasset" 463
"../../../Engine/Content/EngineMaterials/PPM_DefaultCalibrationGrayscale.uexp" 464
"../../../Engine/Content/EngineMaterials/DefaultCalibrationColor.uasset" 465
"../../../Engine/Content/EngineMaterials/DefaultCalibrationColor.uexp" 466
"../../../Engine/Content/EngineMaterials/PPM_DefaultCalibrationColor.uasset" 467
"../../../Engine/Content/EngineMaterials/PPM_DefaultCalibrationColor.uexp" 468
"../../../Engine/Content/EngineMaterials/PhAT_JointLimitMaterial.uasset" 469
"../../../Engine/Content/EngineMaterials/PhAT_JointLimitMaterial.uexp" 470
"../../../Engine/Content/EngineMaterials/NaniteHiddenSectionMaterial.uasset" 471
"../../../Engine/Content/EngineMaterials/NaniteHiddenSectionMaterial.uexp" 472
"../../../Engine/Content/EngineMaterials/InvalidLightmapSettings.ubulk" 473
"../../../Engine/Content/EngineMaterials/InvalidLightmapSettings.uasset" 474
"../../../Engine/Content/EngineMaterials/InvalidLightmapSettings.uexp" 475
"../../../Engine/Content/EngineMaterials/M_InvalidLightmapSettings.uasset" 476
"../../../Engine/Content/EngineMaterials/M_InvalidLightmapSettings.uexp" 477
"../../../Engine/Content/EngineMaterials/GizmoMaterial.uasset" 478
"../../../Engine/Content/EngineMaterials/GizmoMaterial.uexp" 479
"../../../Engine/Content/EngineMaterials/BaseFlattenEmissiveMap_VT.uasset" 480
"../../../Engine/Content/EngineMaterials/BaseFlattenEmissiveMap_VT.uexp" 481
"../../../Engine/Content/EngineMaterials/BaseFlattenGrayscaleMap_VT.uasset" 482
"../../../Engine/Content/EngineMaterials/BaseFlattenGrayscaleMap_VT.uexp" 483
"../../../Engine/Content/EngineMaterials/BaseFlattenLinearColor_VT.uasset" 484
"../../../Engine/Content/EngineMaterials/BaseFlattenLinearColor_VT.uexp" 485
"../../../Engine/Content/EngineMaterials/Black_1x1_EXR_Texture_VT.uasset" 486
"../../../Engine/Content/EngineMaterials/Black_1x1_EXR_Texture_VT.uexp" 487
"../../../Engine/Content/EngineMaterials/BaseFlattenDiffuseMap_VT.uasset" 488
"../../../Engine/Content/EngineMaterials/BaseFlattenDiffuseMap_VT.uexp" 489
"../../../Engine/Content/EngineMaterials/BaseFlattenNormalMap_VT.uasset" 490
"../../../Engine/Content/EngineMaterials/BaseFlattenNormalMap_VT.uexp" 491
"../../../Engine/Content/EngineMaterials/FlattenMaterial_WS_Normal_VT.uasset" 492
"../../../Engine/Content/EngineMaterials/FlattenMaterial_WS_Normal_VT.uexp" 493
"../../../Engine/Content/EngineMaterials/FlattenMaterial_VT.uasset" 494
"../../../Engine/Content/EngineMaterials/FlattenMaterial_VT.uexp" 495
"../../../Engine/Content/EngineMaterials/BaseFlattenNormalMap.uasset" 496
"../../../Engine/Content/EngineMaterials/BaseFlattenNormalMap.uexp" 497
"../../../Engine/Content/EngineMaterials/BaseFlattenGrayscaleMap.uasset" 498
"../../../Engine/Content/EngineMaterials/BaseFlattenGrayscaleMap.uexp" 499
"../../../Engine/Content/EngineMaterials/BaseFlattenDiffuseMap.uasset" 500
"../../../Engine/Content/EngineMaterials/BaseFlattenDiffuseMap.uexp" 501
"../../../Engine/Content/Functions/Engine_MaterialFunctions02/PivotPainter2/Black_1x1_EXR_Texture.uasset" 502
"../../../Engine/Content/Functions/Engine_MaterialFunctions02/PivotPainter2/Black_1x1_EXR_Texture.uexp" 503
"../../../Engine/Content/EngineMaterials/BaseFlattenEmissiveMap.uasset" 504
"../../../Engine/Content/EngineMaterials/BaseFlattenEmissiveMap.uexp" 505
"../../../Engine/Content/EngineMaterials/BaseFlattenLinearColor.uasset" 506
"../../../Engine/Content/EngineMaterials/BaseFlattenLinearColor.uexp" 507
"../../../Engine/Content/EngineMaterials/FlattenMaterial.uasset" 508
"../../../Engine/Content/EngineMaterials/FlattenMaterial.uexp" 509
"../../../Engine/Content/EngineMaterials/DefaultWhiteGrid_Low.uasset" 510
"../../../Engine/Content/EngineMaterials/DefaultWhiteGrid_Low.uexp" 511
"../../../Engine/Content/EngineMaterials/EmissiveMeshMaterial.uasset" 512
"../../../Engine/Content/EngineMaterials/EmissiveMeshMaterial.uexp" 513
"../../../Engine/Content/EngineFonts/RobotoDistanceField.uasset" 514
"../../../Engine/Content/EngineFonts/RobotoDistanceField.uexp" 515
"../../../Engine/Content/EngineMaterials/DefaultTextMaterialOpaque.uasset" 516
"../../../Engine/Content/EngineMaterials/DefaultTextMaterialOpaque.uexp" 517
"../../../Engine/Content/EngineMaterials/DefaultDiffuse.ubulk" 518
"../../../Engine/Content/EngineMaterials/DefaultDiffuse.uasset" 519
"../../../Engine/Content/EngineMaterials/DefaultDiffuse.uexp" 520
"../../../Engine/Content/EngineMaterials/DefaultPostProcessMaterial.uasset" 521
"../../../Engine/Content/EngineMaterials/DefaultPostProcessMaterial.uexp" 522
"../../../Engine/Content/EngineMaterials/DefaultLightFunctionMaterial.uasset" 523
"../../../Engine/Content/EngineMaterials/DefaultLightFunctionMaterial.uexp" 524
"../../../Engine/Content/EngineMaterials/DefaultDeferredDecalMaterial.uasset" 525
"../../../Engine/Content/EngineMaterials/DefaultDeferredDecalMaterial.uexp" 526
"../../../Engine/Content/Functions/Engine_MaterialFunctions02/Utility/CameraDirectionVector.uasset" 527
"../../../Engine/Content/Functions/Engine_MaterialFunctions02/Utility/CameraDirectionVector.uexp" 528
"../../../Engine/Content/EngineDebugMaterials/VolumeToRender.uasset" 529
"../../../Engine/Content/EngineDebugMaterials/VolumeToRender.uexp" 530
"../../../Engine/Content/EngineDebugMaterials/M_VolumeRenderSphereTracePP.uasset" 531
"../../../Engine/Content/EngineDebugMaterials/M_VolumeRenderSphereTracePP.uexp" 532
"../../../Engine/Content/EngineDebugMaterials/M_SimpleUnlitTranslucent.uasset" 533
"../../../Engine/Content/EngineDebugMaterials/M_SimpleUnlitTranslucent.uexp" 534
"../../../Engine/Content/EngineDebugMaterials/DebugMeshMaterial.uasset" 535
"../../../Engine/Content/EngineDebugMaterials/DebugMeshMaterial.uexp" 536
"../../../Engine/Content/EngineDebugMaterials/DebugEditorMaterial.uasset" 537
"../../../Engine/Content/EngineDebugMaterials/DebugEditorMaterial.uexp" 538
"../../../Engine/Content/EditorMaterials/PreviewShadowIndicator.ubulk" 539
"../../../Engine/Content/EditorMaterials/PreviewShadowIndicator.uasset" 540
"../../../Engine/Content/EditorMaterials/PreviewShadowIndicator.uexp" 541
"../../../Engine/Content/EditorMaterials/PreviewShadowIndicatorMaterial.uasset" 542
"../../../Engine/Content/EditorMaterials/PreviewShadowIndicatorMaterial.uexp" 543
"../../../Engine/Content/EditorMaterials/PhAT_UnselectedMaterial.uasset" 544
"../../../Engine/Content/EditorMaterials/PhAT_UnselectedMaterial.uexp" 545
"../../../Engine/Content/EditorMaterials/PhAT_NoCollisionMaterial.uasset" 546
"../../../Engine/Content/EditorMaterials/PhAT_NoCollisionMaterial.uexp" 547
"../../../Engine/Content/BasicShapes/BasicShapeMaterial.uasset" 548
"../../../Engine/Content/BasicShapes/BasicShapeMaterial.uexp" 549
"../../../Engine/Content/EditorMaterials/Dataflow/DataflowVertexMaterial.uasset" 550
"../../../Engine/Content/EditorMaterials/Dataflow/DataflowVertexMaterial.uexp" 551
"../../../Engine/Content/EditorMaterials/Dataflow/DataflowTwoSidedVertexMaterial.uasset" 552
"../../../Engine/Content/EditorMaterials/Dataflow/DataflowTwoSidedVertexMaterial.uexp" 553
"../../../Engine/Content/Functions/Engine_MaterialFunctions01/Shading/PowerToRoughness.uasset" 554
"../../../Engine/Content/Functions/Engine_MaterialFunctions01/Shading/PowerToRoughness.uexp" 555
"../../../Engine/Content/Functions/Engine_MaterialFunctions01/Shading/ConvertFromDiffSpec.uasset" 556
"../../../Engine/Content/Functions/Engine_MaterialFunctions01/Shading/ConvertFromDiffSpec.uexp" 557
"../../../Engine/Content/EngineMaterials/Substrate/Volume/SubstrateSimpleVolumeLUT3D.uasset" 558
"../../../Engine/Content/EngineMaterials/Substrate/Volume/SubstrateSimpleVolumeLUT3D.uexp" 559
"../../../Engine/Content/EngineMaterials/Substrate/Volume/SubstrateSimpleVolumeEnvLUT3D.uasset" 560
"../../../Engine/Content/EngineMaterials/Substrate/Volume/SubstrateSimpleVolumeEnvLUT3D.uexp" 561
"../../../Engine/Content/EngineMeshes/Sphere.ubulk" 562
"../../../Engine/Content/EngineMeshes/Sphere.uasset" 563
"../../../Engine/Content/EngineMeshes/Sphere.uexp" 564
"../../../Engine/Plugins/NNE/NNEDenoiser/Content/NNEDTOM_Output_Default.uasset" 565
"../../../Engine/Plugins/NNE/NNEDenoiser/Content/NNEDTOM_Output_Default.uexp" 566
"../../../Engine/Plugins/NNE/NNEDenoiser/Content/NNEDTOM_Output_Alpha.uasset" 567
"../../../Engine/Plugins/NNE/NNEDenoiser/Content/NNEDTOM_Output_Alpha.uexp" 568
"../../../Engine/Plugins/NNE/NNEDenoiser/Content/NNEDTIM_ColorAlbedoNormal_Default.uasset" 569
"../../../Engine/Plugins/NNE/NNEDenoiser/Content/NNEDTIM_ColorAlbedoNormal_Default.uexp" 570
"../../../Engine/Plugins/NNE/NNEDenoiser/Content/NNEDTIM_ColorAlbedoNormal_Alpha.uasset" 571
"../../../Engine/Plugins/NNE/NNEDenoiser/Content/NNEDTIM_ColorAlbedoNormal_Alpha.uexp" 572
"../../../Engine/Plugins/NNE/NNEDenoiser/Content/NNEDOM_Output_Default.uasset" 573
"../../../Engine/Plugins/NNE/NNEDenoiser/Content/NNEDOM_Output_Default.uexp" 574
"../../../Engine/Plugins/NNE/NNEDenoiser/Content/NNEDOM_Output_Alpha.uasset" 575
"../../../Engine/Plugins/NNE/NNEDenoiser/Content/NNEDOM_Output_Alpha.uexp" 576
"../../../Engine/Plugins/NNE/NNEDenoiser/Content/NNEDIM_HighQuality_Default.uasset" 577
"../../../Engine/Plugins/NNE/NNEDenoiser/Content/NNEDIM_HighQuality_Default.uexp" 578
"../../../Engine/Plugins/NNE/NNEDenoiser/Content/NNEDIM_HighQuality_Alpha.uasset" 579
"../../../Engine/Plugins/NNE/NNEDenoiser/Content/NNEDIM_HighQuality_Alpha.uexp" 580
"../../../Engine/Plugins/NNE/NNEDenoiser/Content/NNEDIM_ColorAlbedoNormal_Default.uasset" 581
"../../../Engine/Plugins/NNE/NNEDenoiser/Content/NNEDIM_ColorAlbedoNormal_Default.uexp" 582
"../../../Engine/Plugins/NNE/NNEDenoiser/Content/NNEDIM_ColorAlbedoNormal_Alpha.uasset" 583
"../../../Engine/Plugins/NNE/NNEDenoiser/Content/NNEDIM_ColorAlbedoNormal_Alpha.uexp" 584
"../../../Engine/Content/EngineMaterials/T_Default_Material_Grid_M.ubulk" 585
"../../../Engine/Content/EngineMaterials/T_Default_Material_Grid_M.uasset" 586
"../../../Engine/Content/EngineMaterials/T_Default_Material_Grid_M.uexp" 587
"../../../Engine/Content/EngineMaterials/T_Default_Material_Grid_N.ubulk" 588
"../../../Engine/Content/EngineMaterials/T_Default_Material_Grid_N.uasset" 589
"../../../Engine/Content/EngineMaterials/T_Default_Material_Grid_N.uexp" 590
"../../../Engine/Content/Functions/Engine_MaterialFunctions01/Opacity/CameraDepthFade.uasset" 591
"../../../Engine/Content/Functions/Engine_MaterialFunctions01/Opacity/CameraDepthFade.uexp" 592
"../../../Engine/Content/EngineMaterials/WorldGridMaterial.uasset" 593
"../../../Engine/Content/EngineMaterials/WorldGridMaterial.uexp" 594
"../../../Engine/Plugins/Media/MediaPlate/Content/SM_MediaPlateScreen.ubulk" 595
"../../../Engine/Plugins/Media/MediaPlate/Content/SM_MediaPlateScreen.uasset" 596
"../../../Engine/Plugins/Media/MediaPlate/Content/SM_MediaPlateScreen.uexp" 597
"../../../Engine/Plugins/2D/Paper2D/Content/DefaultSpriteMaterial.uasset" 598
"../../../Engine/Plugins/2D/Paper2D/Content/DefaultSpriteMaterial.uexp" 599
"../../../Engine/Plugins/2D/Paper2D/Content/OpaqueUnlitSpriteMaterial.uasset" 600
"../../../Engine/Plugins/2D/Paper2D/Content/OpaqueUnlitSpriteMaterial.uexp" 601
"../../../Engine/Plugins/2D/Paper2D/Content/MaskedUnlitSpriteMaterial.uasset" 602
"../../../Engine/Plugins/2D/Paper2D/Content/MaskedUnlitSpriteMaterial.uexp" 603
"../../../Engine/Content/Functions/Engine_MaterialFunctions02/Texturing/CustomRotator.uasset" 604
"../../../Engine/Content/Functions/Engine_MaterialFunctions02/Texturing/CustomRotator.uexp" 605
"../../../Engine/Plugins/Runtime/AudioWidgets/Content/AudioMaterialSlate/Functions/MF_SingleLine_Smooth.uasset" 606
"../../../Engine/Plugins/Runtime/AudioWidgets/Content/AudioMaterialSlate/Functions/MF_SingleLine_Smooth.uexp" 607
"../../../Engine/Plugins/Runtime/AudioWidgets/Content/AudioMaterialSlate/Functions/MF_AngleGradient.uasset" 608
"../../../Engine/Plugins/Runtime/AudioWidgets/Content/AudioMaterialSlate/Functions/MF_AngleGradient.uexp" 609
"../../../Engine/Plugins/Runtime/AudioWidgets/Content/AudioMaterialSlate/Functions/MF_SingleLine.uasset" 610
"../../../Engine/Plugins/Runtime/AudioWidgets/Content/AudioMaterialSlate/Functions/MF_SingleLine.uexp" 611
"../../../Engine/Content/Functions/Engine_MaterialFunctions01/Gradient/SphereGradient-2D.uasset" 612
"../../../Engine/Content/Functions/Engine_MaterialFunctions01/Gradient/SphereGradient-2D.uexp" 613
"../../../Engine/Plugins/Runtime/AudioWidgets/Content/AudioMaterialSlate/M_AudioMaterialToggleButton.uasset" 614
"../../../Engine/Plugins/Runtime/AudioWidgets/Content/AudioMaterialSlate/M_AudioMaterialToggleButton.uexp" 615
"../../../Engine/Plugins/Runtime/AudioWidgets/Content/AudioMaterialSlate/MI_AudioMaterialToggleButton.uasset" 616
"../../../Engine/Plugins/Runtime/AudioWidgets/Content/AudioMaterialSlate/MI_AudioMaterialToggleButton.uexp" 617
"../../../Engine/Content/Functions/Engine_MaterialFunctions01/Gradient/GeneratedRoundRect.uasset" 618
"../../../Engine/Content/Functions/Engine_MaterialFunctions01/Gradient/GeneratedRoundRect.uexp" 619
"../../../Engine/Plugins/Runtime/AudioWidgets/Content/AudioMaterialSlate/M_AudioMaterialRoundedSlider.uasset" 620
"../../../Engine/Plugins/Runtime/AudioWidgets/Content/AudioMaterialSlate/M_AudioMaterialRoundedSlider.uexp" 621
"../../../Engine/Plugins/Runtime/AudioWidgets/Content/AudioMaterialSlate/MI_AudioMaterialRoundedSlider.uasset" 622
"../../../Engine/Plugins/Runtime/AudioWidgets/Content/AudioMaterialSlate/MI_AudioMaterialRoundedSlider.uexp" 623
"../../../Engine/Plugins/Runtime/AudioWidgets/Content/AudioMaterialSlate/Functions/MF_Lines.uasset" 624
"../../../Engine/Plugins/Runtime/AudioWidgets/Content/AudioMaterialSlate/Functions/MF_Lines.uexp" 625
"../../../Engine/Content/Functions/Engine_MaterialFunctions02/Lerp_3Color.uasset" 626
"../../../Engine/Content/Functions/Engine_MaterialFunctions02/Lerp_3Color.uexp" 627
"../../../Engine/Plugins/Runtime/AudioWidgets/Content/AudioMaterialSlate/M_AudioMaterialMeter.uasset" 628
"../../../Engine/Plugins/Runtime/AudioWidgets/Content/AudioMaterialSlate/M_AudioMaterialMeter.uexp" 629
"../../../Engine/Plugins/Runtime/AudioWidgets/Content/AudioMaterialSlate/MI_AudioMaterialMeter.uasset" 630
"../../../Engine/Plugins/Runtime/AudioWidgets/Content/AudioMaterialSlate/MI_AudioMaterialMeter.uexp" 631
"../../../Engine/Plugins/Runtime/AudioWidgets/Content/AudioMaterialSlate/M_AudioMaterialKnob.uasset" 632
"../../../Engine/Plugins/Runtime/AudioWidgets/Content/AudioMaterialSlate/M_AudioMaterialKnob.uexp" 633
"../../../Engine/Plugins/Runtime/AudioWidgets/Content/AudioMaterialSlate/MI_AudioMaterialKnob.uasset" 634
"../../../Engine/Plugins/Runtime/AudioWidgets/Content/AudioMaterialSlate/MI_AudioMaterialKnob.uexp" 635
"../../../Engine/Plugins/Runtime/AudioWidgets/Content/AudioMaterialSlate/Functions/MF_DotOutlined.uasset" 636
"../../../Engine/Plugins/Runtime/AudioWidgets/Content/AudioMaterialSlate/Functions/MF_DotOutlined.uexp" 637
"../../../Engine/Plugins/Runtime/AudioWidgets/Content/AudioMaterialSlate/M_AudioMaterialEnvelope_ADSR.uasset" 638
"../../../Engine/Plugins/Runtime/AudioWidgets/Content/AudioMaterialSlate/M_AudioMaterialEnvelope_ADSR.uexp" 639
"../../../Engine/Plugins/Runtime/AudioWidgets/Content/AudioMaterialSlate/MI_AudioMaterialEnvelope_ADSR.uasset" 640
"../../../Engine/Plugins/Runtime/AudioWidgets/Content/AudioMaterialSlate/MI_AudioMaterialEnvelope_ADSR.uexp" 641
"../../../Engine/Plugins/Animation/ControlRig/Content/Controls/ControlRig_Wedge_solid.ubulk" 642
"../../../Engine/Plugins/Animation/ControlRig/Content/Controls/ControlRig_Wedge_solid.uasset" 643
"../../../Engine/Plugins/Animation/ControlRig/Content/Controls/ControlRig_Wedge_solid.uexp" 644
"../../../Engine/Plugins/Animation/ControlRig/Content/Controls/ControlRig_Wedge_3mm.ubulk" 645
"../../../Engine/Plugins/Animation/ControlRig/Content/Controls/ControlRig_Wedge_3mm.uasset" 646
"../../../Engine/Plugins/Animation/ControlRig/Content/Controls/ControlRig_Wedge_3mm.uexp" 647
"../../../Engine/Plugins/Animation/ControlRig/Content/Controls/ControlRig_Wedge_1mm.ubulk" 648
"../../../Engine/Plugins/Animation/ControlRig/Content/Controls/ControlRig_Wedge_1mm.uasset" 649
"../../../Engine/Plugins/Animation/ControlRig/Content/Controls/ControlRig_Wedge_1mm.uexp" 650
"../../../Engine/Plugins/Animation/ControlRig/Content/Controls/ControlRig_Triangle_solid.ubulk" 651
"../../../Engine/Plugins/Animation/ControlRig/Content/Controls/ControlRig_Triangle_solid.uasset" 652
"../../../Engine/Plugins/Animation/ControlRig/Content/Controls/ControlRig_Triangle_solid.uexp" 653
"../../../Engine/Plugins/Animation/ControlRig/Content/Controls/ControlRig_Triangle_3mm.ubulk" 654
"../../../Engine/Plugins/Animation/ControlRig/Content/Controls/ControlRig_Triangle_3mm.uasset" 655
"../../../Engine/Plugins/Animation/ControlRig/Content/Controls/ControlRig_Triangle_3mm.uexp" 656
"../../../Engine/Plugins/Animation/ControlRig/Content/Controls/ControlRig_Triangle_1mm.ubulk" 657
"../../../Engine/Plugins/Animation/ControlRig/Content/Controls/ControlRig_Triangle_1mm.uasset" 658
"../../../Engine/Plugins/Animation/ControlRig/Content/Controls/ControlRig_Triangle_1mm.uexp" 659
"../../../Engine/Plugins/Animation/ControlRig/Content/Controls/ControlRig_Star4_solid.ubulk" 660
"../../../Engine/Plugins/Animation/ControlRig/Content/Controls/ControlRig_Star4_solid.uasset" 661
"../../../Engine/Plugins/Animation/ControlRig/Content/Controls/ControlRig_Star4_solid.uexp" 662
"../../../Engine/Plugins/Animation/ControlRig/Content/Controls/ControlRig_Star4_3mm.ubulk" 663
"../../../Engine/Plugins/Animation/ControlRig/Content/Controls/ControlRig_Star4_3mm.uasset" 664
"../../../Engine/Plugins/Animation/ControlRig/Content/Controls/ControlRig_Star4_3mm.uexp" 665
"../../../Engine/Plugins/Animation/ControlRig/Content/Controls/ControlRig_Star4_1mm.ubulk" 666
"../../../Engine/Plugins/Animation/ControlRig/Content/Controls/ControlRig_Star4_1mm.uasset" 667
"../../../Engine/Plugins/Animation/ControlRig/Content/Controls/ControlRig_Star4_1mm.uexp" 668
"../../../Engine/Plugins/Animation/ControlRig/Content/Controls/ControlRig_Square_solid.ubulk" 669
"../../../Engine/Plugins/Animation/ControlRig/Content/Controls/ControlRig_Square_solid.uasset" 670
"../../../Engine/Plugins/Animation/ControlRig/Content/Controls/ControlRig_Square_solid.uexp" 671
"../../../Engine/Plugins/Animation/ControlRig/Content/Controls/ControlRig_Square_3mm.ubulk" 672
"../../../Engine/Plugins/Animation/ControlRig/Content/Controls/ControlRig_Square_3mm.uasset" 673
"../../../Engine/Plugins/Animation/ControlRig/Content/Controls/ControlRig_Square_3mm.uexp" 674
"../../../Engine/Plugins/Animation/ControlRig/Content/Controls/ControlRig_Square_1mm.ubulk" 675
"../../../Engine/Plugins/Animation/ControlRig/Content/Controls/ControlRig_Square_1mm.uasset" 676
"../../../Engine/Plugins/Animation/ControlRig/Content/Controls/ControlRig_Square_1mm.uexp" 677
"../../../Engine/Plugins/Animation/ControlRig/Content/Controls/ControlRig_Sphere_solid.ubulk" 678
"../../../Engine/Plugins/Animation/ControlRig/Content/Controls/ControlRig_Sphere_solid.uasset" 679
"../../../Engine/Plugins/Animation/ControlRig/Content/Controls/ControlRig_Sphere_solid.uexp" 680
"../../../Engine/Plugins/Animation/ControlRig/Content/Controls/ControlRig_Sphere_3mm.ubulk" 681
"../../../Engine/Plugins/Animation/ControlRig/Content/Controls/ControlRig_Sphere_3mm.uasset" 682
"../../../Engine/Plugins/Animation/ControlRig/Content/Controls/ControlRig_Sphere_3mm.uexp" 683
"../../../Engine/Plugins/Animation/ControlRig/Content/Controls/ControlRig_Sphere_1mm.ubulk" 684
"../../../Engine/Plugins/Animation/ControlRig/Content/Controls/ControlRig_Sphere_1mm.uasset" 685
"../../../Engine/Plugins/Animation/ControlRig/Content/Controls/ControlRig_Sphere_1mm.uexp" 686
"../../../Engine/Plugins/Animation/ControlRig/Content/Controls/ControlRig_RoundedTriangle_solid.ubulk" 687
"../../../Engine/Plugins/Animation/ControlRig/Content/Controls/ControlRig_RoundedTriangle_solid.uasset" 688
"../../../Engine/Plugins/Animation/ControlRig/Content/Controls/ControlRig_RoundedTriangle_solid.uexp" 689
"../../../Engine/Plugins/Animation/ControlRig/Content/Controls/ControlRig_RoundedTriangle_3mm.ubulk" 690
"../../../Engine/Plugins/Animation/ControlRig/Content/Controls/ControlRig_RoundedTriangle_3mm.uasset" 691
"../../../Engine/Plugins/Animation/ControlRig/Content/Controls/ControlRig_RoundedTriangle_3mm.uexp" 692
"../../../Engine/Plugins/Animation/ControlRig/Content/Controls/ControlRig_RoundedTriangle_1mm.ubulk" 693
"../../../Engine/Plugins/Animation/ControlRig/Content/Controls/ControlRig_RoundedTriangle_1mm.uasset" 694
"../../../Engine/Plugins/Animation/ControlRig/Content/Controls/ControlRig_RoundedTriangle_1mm.uexp" 695
"../../../Engine/Plugins/Animation/ControlRig/Content/Controls/ControlRig_RoundedSquare_solid.ubulk" 696
"../../../Engine/Plugins/Animation/ControlRig/Content/Controls/ControlRig_RoundedSquare_solid.uasset" 697
"../../../Engine/Plugins/Animation/ControlRig/Content/Controls/ControlRig_RoundedSquare_solid.uexp" 698
"../../../Engine/Plugins/Animation/ControlRig/Content/Controls/ControlRig_RoundedSquare_3mm.ubulk" 699
"../../../Engine/Plugins/Animation/ControlRig/Content/Controls/ControlRig_RoundedSquare_3mm.uasset" 700
"../../../Engine/Plugins/Animation/ControlRig/Content/Controls/ControlRig_RoundedSquare_3mm.uexp" 701
"../../../Engine/Plugins/Animation/ControlRig/Content/Controls/ControlRig_RoundedSquare_1mm.ubulk" 702
"../../../Engine/Plugins/Animation/ControlRig/Content/Controls/ControlRig_RoundedSquare_1mm.uasset" 703
"../../../Engine/Plugins/Animation/ControlRig/Content/Controls/ControlRig_RoundedSquare_1mm.uexp" 704
"../../../Engine/Plugins/Animation/ControlRig/Content/Controls/ControlRig_QuarterCircle_solid.ubulk" 705
"../../../Engine/Plugins/Animation/ControlRig/Content/Controls/ControlRig_QuarterCircle_solid.uasset" 706
"../../../Engine/Plugins/Animation/ControlRig/Content/Controls/ControlRig_QuarterCircle_solid.uexp" 707
"../../../Engine/Plugins/Animation/ControlRig/Content/Controls/ControlRig_QuarterCircle_3mm.ubulk" 708
"../../../Engine/Plugins/Animation/ControlRig/Content/Controls/ControlRig_QuarterCircle_3mm.uasset" 709
"../../../Engine/Plugins/Animation/ControlRig/Content/Controls/ControlRig_QuarterCircle_3mm.uexp" 710
"../../../Engine/Plugins/Animation/ControlRig/Content/Controls/ControlRig_QuarterCircle_1mm.ubulk" 711
"../../../Engine/Plugins/Animation/ControlRig/Content/Controls/ControlRig_QuarterCircle_1mm.uasset" 712
"../../../Engine/Plugins/Animation/ControlRig/Content/Controls/ControlRig_QuarterCircle_1mm.uexp" 713
"../../../Engine/Plugins/Animation/ControlRig/Content/Controls/ControlRig_Pyramid_solid.ubulk" 714
"../../../Engine/Plugins/Animation/ControlRig/Content/Controls/ControlRig_Pyramid_solid.uasset" 715
"../../../Engine/Plugins/Animation/ControlRig/Content/Controls/ControlRig_Pyramid_solid.uexp" 716
"../../../Engine/Plugins/Animation/ControlRig/Content/Controls/ControlRig_Pyramid_3mm.ubulk" 717
"../../../Engine/Plugins/Animation/ControlRig/Content/Controls/ControlRig_Pyramid_3mm.uasset" 718
"../../../Engine/Plugins/Animation/ControlRig/Content/Controls/ControlRig_Pyramid_3mm.uexp" 719
"../../../Engine/Plugins/Animation/ControlRig/Content/Controls/ControlRig_Pyramid_1mm.ubulk" 720
"../../../Engine/Plugins/Animation/ControlRig/Content/Controls/ControlRig_Pyramid_1mm.uasset" 721
"../../../Engine/Plugins/Animation/ControlRig/Content/Controls/ControlRig_Pyramid_1mm.uexp" 722
"../../../Engine/Plugins/Animation/ControlRig/Content/Controls/ControlRig_Octagon_solid.ubulk" 723
"../../../Engine/Plugins/Animation/ControlRig/Content/Controls/ControlRig_Octagon_solid.uasset" 724
"../../../Engine/Plugins/Animation/ControlRig/Content/Controls/ControlRig_Octagon_solid.uexp" 725
"../../../Engine/Plugins/Animation/ControlRig/Content/Controls/ControlRig_Octagon_3mm.ubulk" 726
"../../../Engine/Plugins/Animation/ControlRig/Content/Controls/ControlRig_Octagon_3mm.uasset" 727
"../../../Engine/Plugins/Animation/ControlRig/Content/Controls/ControlRig_Octagon_3mm.uexp" 728
"../../../Engine/Plugins/Animation/ControlRig/Content/Controls/ControlRig_Octagon_1mm.ubulk" 729
"../../../Engine/Plugins/Animation/ControlRig/Content/Controls/ControlRig_Octagon_1mm.uasset" 730
"../../../Engine/Plugins/Animation/ControlRig/Content/Controls/ControlRig_Octagon_1mm.uexp" 731
"../../../Engine/Plugins/Animation/ControlRig/Content/Controls/ControlRig_Hexagon_solid.ubulk" 732
"../../../Engine/Plugins/Animation/ControlRig/Content/Controls/ControlRig_Hexagon_solid.uasset" 733
"../../../Engine/Plugins/Animation/ControlRig/Content/Controls/ControlRig_Hexagon_solid.uexp" 734
"../../../Engine/Plugins/Animation/ControlRig/Content/Controls/ControlRig_Hexagon_3mm.ubulk" 735
"../../../Engine/Plugins/Animation/ControlRig/Content/Controls/ControlRig_Hexagon_3mm.uasset" 736
"../../../Engine/Plugins/Animation/ControlRig/Content/Controls/ControlRig_Hexagon_3mm.uexp" 737
"../../../Engine/Plugins/Animation/ControlRig/Content/Controls/ControlRig_Hexagon_1mm.ubulk" 738
"../../../Engine/Plugins/Animation/ControlRig/Content/Controls/ControlRig_Hexagon_1mm.uasset" 739
"../../../Engine/Plugins/Animation/ControlRig/Content/Controls/ControlRig_Hexagon_1mm.uexp" 740
"../../../Engine/Plugins/Animation/ControlRig/Content/Controls/ControlRig_HalfCircle_solid.ubulk" 741
"../../../Engine/Plugins/Animation/ControlRig/Content/Controls/ControlRig_HalfCircle_solid.uasset" 742
"../../../Engine/Plugins/Animation/ControlRig/Content/Controls/ControlRig_HalfCircle_solid.uexp" 743
"../../../Engine/Plugins/Animation/ControlRig/Content/Controls/ControlRig_HalfCircle_3mm.ubulk" 744
"../../../Engine/Plugins/Animation/ControlRig/Content/Controls/ControlRig_HalfCircle_3mm.uasset" 745
"../../../Engine/Plugins/Animation/ControlRig/Content/Controls/ControlRig_HalfCircle_3mm.uexp" 746
"../../../Engine/Plugins/Animation/ControlRig/Content/Controls/ControlRig_HalfCircle_1mm.ubulk" 747
"../../../Engine/Plugins/Animation/ControlRig/Content/Controls/ControlRig_HalfCircle_1mm.uasset" 748
"../../../Engine/Plugins/Animation/ControlRig/Content/Controls/ControlRig_HalfCircle_1mm.uexp" 749
"../../../Engine/Plugins/Animation/ControlRig/Content/Controls/ControlRig_Diamond_solid.ubulk" 750
"../../../Engine/Plugins/Animation/ControlRig/Content/Controls/ControlRig_Diamond_solid.uasset" 751
"../../../Engine/Plugins/Animation/ControlRig/Content/Controls/ControlRig_Diamond_solid.uexp" 752
"../../../Engine/Plugins/Animation/ControlRig/Content/Controls/ControlRig_Diamond_3mm.ubulk" 753
"../../../Engine/Plugins/Animation/ControlRig/Content/Controls/ControlRig_Diamond_3mm.uasset" 754
"../../../Engine/Plugins/Animation/ControlRig/Content/Controls/ControlRig_Diamond_3mm.uexp" 755
"../../../Engine/Plugins/Animation/ControlRig/Content/Controls/ControlRig_Diamond_1mm.ubulk" 756
"../../../Engine/Plugins/Animation/ControlRig/Content/Controls/ControlRig_Diamond_1mm.uasset" 757
"../../../Engine/Plugins/Animation/ControlRig/Content/Controls/ControlRig_Diamond_1mm.uexp" 758
"../../../Engine/Plugins/Animation/ControlRig/Content/Controls/ControlRig_Circle_solid.ubulk" 759
"../../../Engine/Plugins/Animation/ControlRig/Content/Controls/ControlRig_Circle_solid.uasset" 760
"../../../Engine/Plugins/Animation/ControlRig/Content/Controls/ControlRig_Circle_solid.uexp" 761
"../../../Engine/Plugins/Animation/ControlRig/Content/Controls/ControlRig_Circle_3mm.ubulk" 762
"../../../Engine/Plugins/Animation/ControlRig/Content/Controls/ControlRig_Circle_3mm.uasset" 763
"../../../Engine/Plugins/Animation/ControlRig/Content/Controls/ControlRig_Circle_3mm.uexp" 764
"../../../Engine/Plugins/Animation/ControlRig/Content/Controls/ControlRig_Circle_1mm.ubulk" 765
"../../../Engine/Plugins/Animation/ControlRig/Content/Controls/ControlRig_Circle_1mm.uasset" 766
"../../../Engine/Plugins/Animation/ControlRig/Content/Controls/ControlRig_Circle_1mm.uexp" 767
"../../../Engine/Plugins/Animation/ControlRig/Content/Controls/ControlRig_Box_solid.ubulk" 768
"../../../Engine/Plugins/Animation/ControlRig/Content/Controls/ControlRig_Box_solid.uasset" 769
"../../../Engine/Plugins/Animation/ControlRig/Content/Controls/ControlRig_Box_solid.uexp" 770
"../../../Engine/Plugins/Animation/ControlRig/Content/Controls/ControlRig_Box_3mm.ubulk" 771
"../../../Engine/Plugins/Animation/ControlRig/Content/Controls/ControlRig_Box_3mm.uasset" 772
"../../../Engine/Plugins/Animation/ControlRig/Content/Controls/ControlRig_Box_3mm.uexp" 773
"../../../Engine/Plugins/Animation/ControlRig/Content/Controls/ControlRig_Box_1mm.ubulk" 774
"../../../Engine/Plugins/Animation/ControlRig/Content/Controls/ControlRig_Box_1mm.uasset" 775
"../../../Engine/Plugins/Animation/ControlRig/Content/Controls/ControlRig_Box_1mm.uexp" 776
"../../../Engine/Plugins/Animation/ControlRig/Content/Controls/ControlRig_Arrow_solid.ubulk" 777
"../../../Engine/Plugins/Animation/ControlRig/Content/Controls/ControlRig_Arrow_solid.uasset" 778
"../../../Engine/Plugins/Animation/ControlRig/Content/Controls/ControlRig_Arrow_solid.uexp" 779
"../../../Engine/Plugins/Animation/ControlRig/Content/Controls/ControlRig_Arrow_3mm.ubulk" 780
"../../../Engine/Plugins/Animation/ControlRig/Content/Controls/ControlRig_Arrow_3mm.uasset" 781
"../../../Engine/Plugins/Animation/ControlRig/Content/Controls/ControlRig_Arrow_3mm.uexp" 782
"../../../Engine/Plugins/Animation/ControlRig/Content/Controls/ControlRig_Arrow_1mm.ubulk" 783
"../../../Engine/Plugins/Animation/ControlRig/Content/Controls/ControlRig_Arrow_1mm.uasset" 784
"../../../Engine/Plugins/Animation/ControlRig/Content/Controls/ControlRig_Arrow_1mm.uexp" 785
"../../../Engine/Plugins/Animation/ControlRig/Content/Controls/ControlRig_Arrow4_solid.ubulk" 786
"../../../Engine/Plugins/Animation/ControlRig/Content/Controls/ControlRig_Arrow4_solid.uasset" 787
"../../../Engine/Plugins/Animation/ControlRig/Content/Controls/ControlRig_Arrow4_solid.uexp" 788
"../../../Engine/Plugins/Animation/ControlRig/Content/Controls/ControlRig_Arrow4_3mm.ubulk" 789
"../../../Engine/Plugins/Animation/ControlRig/Content/Controls/ControlRig_Arrow4_3mm.uasset" 790
"../../../Engine/Plugins/Animation/ControlRig/Content/Controls/ControlRig_Arrow4_3mm.uexp" 791
"../../../Engine/Plugins/Animation/ControlRig/Content/Controls/ControlRig_Arrow4_1mm.ubulk" 792
"../../../Engine/Plugins/Animation/ControlRig/Content/Controls/ControlRig_Arrow4_1mm.uasset" 793
"../../../Engine/Plugins/Animation/ControlRig/Content/Controls/ControlRig_Arrow4_1mm.uexp" 794
"../../../Engine/Plugins/Animation/ControlRig/Content/Controls/ControlRig_Arrow2_solid.ubulk" 795
"../../../Engine/Plugins/Animation/ControlRig/Content/Controls/ControlRig_Arrow2_solid.uasset" 796
"../../../Engine/Plugins/Animation/ControlRig/Content/Controls/ControlRig_Arrow2_solid.uexp" 797
"../../../Engine/Plugins/Animation/ControlRig/Content/Controls/ControlRig_Arrow2_3mm.ubulk" 798
"../../../Engine/Plugins/Animation/ControlRig/Content/Controls/ControlRig_Arrow2_3mm.uasset" 799
"../../../Engine/Plugins/Animation/ControlRig/Content/Controls/ControlRig_Arrow2_3mm.uexp" 800
"../../../Engine/Plugins/Animation/ControlRig/Content/Controls/ControlRig_Arrow2_1mm.ubulk" 801
"../../../Engine/Plugins/Animation/ControlRig/Content/Controls/ControlRig_Arrow2_1mm.uasset" 802
"../../../Engine/Plugins/Animation/ControlRig/Content/Controls/ControlRig_Arrow2_1mm.uexp" 803
"../../../Engine/Content/EngineResources/WhiteSquareTexture.uasset" 804
"../../../Engine/Content/EngineResources/WhiteSquareTexture.uexp" 805
"../../../Engine/Content/EngineMaterials/Widget3DPassThrough.uasset" 806
"../../../Engine/Content/EngineMaterials/Widget3DPassThrough.uexp" 807
"../../../Engine/Content/EngineMaterials/Widget3DPassThrough_Translucent.uasset" 808
"../../../Engine/Content/EngineMaterials/Widget3DPassThrough_Translucent.uexp" 809
"../../../Engine/Content/EngineMaterials/Widget3DPassThrough_Translucent_OneSided.uasset" 810
"../../../Engine/Content/EngineMaterials/Widget3DPassThrough_Translucent_OneSided.uexp" 811
"../../../Engine/Content/EngineMaterials/Widget3DPassThrough_Opaque.uasset" 812
"../../../Engine/Content/EngineMaterials/Widget3DPassThrough_Opaque.uexp" 813
"../../../Engine/Content/EngineMaterials/Widget3DPassThrough_Opaque_OneSided.uasset" 814
"../../../Engine/Content/EngineMaterials/Widget3DPassThrough_Opaque_OneSided.uexp" 815
"../../../Engine/Content/EngineMaterials/Widget3DPassThrough_Masked_OneSided.uasset" 816
"../../../Engine/Content/EngineMaterials/Widget3DPassThrough_Masked_OneSided.uexp" 817
"../../../Engine/Content/EngineMaterials/Widget3DPassThrough_Masked.uasset" 818
"../../../Engine/Content/EngineMaterials/Widget3DPassThrough_Masked.uexp" 819
"../../../Engine/Content/EngineMaterials/WeightMapPlaceholderTexture.uasset" 820
"../../../Engine/Content/EngineMaterials/WeightMapPlaceholderTexture.uexp" 821
"../../../Engine/Content/EngineMaterials/WeightMapArrayPlaceholderTexture.uasset" 822
"../../../Engine/Content/EngineMaterials/WeightMapArrayPlaceholderTexture.uexp" 823
"../../../Engine/Content/EditorLandscapeResources/SplineEditorMeshMat.uasset" 824
"../../../Engine/Content/EditorLandscapeResources/SplineEditorMeshMat.uexp" 825
"../../../Engine/Content/EditorLandscapeResources/SplineEditorMesh.ubulk" 826
"../../../Engine/Content/EditorLandscapeResources/SplineEditorMesh.uasset" 827
"../../../Engine/Content/EditorLandscapeResources/SplineEditorMesh.uexp" 828
"../../../Engine/Content/EngineMaterials/DefaultMaterial.uasset" 829
"../../../Engine/Content/EngineMaterials/DefaultMaterial.uexp" 830
"../../../Engine/Content/BasicShapes/Sphere.ubulk" 831
"../../../Engine/Content/BasicShapes/Sphere.uasset" 832
"../../../Engine/Content/BasicShapes/Sphere.uexp" 833
"../../../Engine/Content/BasicShapes/Plane.ubulk" 834
"../../../Engine/Content/BasicShapes/Plane.uasset" 835
"../../../Engine/Content/BasicShapes/Plane.uexp" 836
"../../../Engine/Content/BasicShapes/Cylinder.ubulk" 837
"../../../Engine/Content/BasicShapes/Cylinder.uasset" 838
"../../../Engine/Content/BasicShapes/Cylinder.uexp" 839
"../../../Engine/Content/BasicShapes/Cube.ubulk" 840
"../../../Engine/Content/BasicShapes/Cube.uasset" 841
"../../../Engine/Content/BasicShapes/Cube.uexp" 842
"../../../Engine/Content/BasicShapes/Cone.ubulk" 843
"../../../Engine/Content/BasicShapes/Cone.uasset" 844
"../../../Engine/Content/BasicShapes/Cone.uexp" 845
"../../../Engine/Content/VREditor/TransformGizmo/Main.uasset" 846
"../../../Engine/Content/VREditor/TransformGizmo/Main.uexp" 847
"../../../Engine/Content/VREditor/TransformGizmo/Xray.uasset" 848
"../../../Engine/Content/VREditor/TransformGizmo/Xray.uexp" 849
"../../../Engine/Content/VREditor/TransformGizmo/SM_Sequencer_Node.ubulk" 850
"../../../Engine/Content/VREditor/TransformGizmo/SM_Sequencer_Node.uasset" 851
"../../../Engine/Content/VREditor/TransformGizmo/SM_Sequencer_Node.uexp" 852
"../../../Engine/Content/VREditor/LaserPointer/VR_LaserPower_01.ubulk" 853
"../../../Engine/Content/VREditor/LaserPointer/VR_LaserPower_01.uasset" 854
"../../../Engine/Content/VREditor/LaserPointer/VR_LaserPower_01.uexp" 855
"../../../Engine/Content/VREditor/TransformGizmo/TransformGizmoMaterial.uasset" 856
"../../../Engine/Content/VREditor/TransformGizmo/TransformGizmoMaterial.uexp" 857
"../../../Engine/Content/VREditor/TransformGizmo/TranslucentTransformGizmoMaterial.uasset" 858
"../../../Engine/Content/VREditor/TransformGizmo/TranslucentTransformGizmoMaterial.uexp" 859
"../../../Engine/Content/VREditor/TransformGizmo/BoundingBoxEdge.ubulk" 860
"../../../Engine/Content/VREditor/TransformGizmo/BoundingBoxEdge.uasset" 861
"../../../Engine/Content/VREditor/TransformGizmo/BoundingBoxEdge.uexp" 862
"../../../Engine/Content/VREditor/TransformGizmo/BoundingBoxCorner.ubulk" 863
"../../../Engine/Content/VREditor/TransformGizmo/BoundingBoxCorner.uasset" 864
"../../../Engine/Content/VREditor/TransformGizmo/BoundingBoxCorner.uexp" 865
"../../../Engine/Content/EngineSky/VolumetricClouds/T_CloudMask.ubulk" 866
"../../../Engine/Content/EngineSky/VolumetricClouds/T_CloudMask.uasset" 867
"../../../Engine/Content/EngineSky/VolumetricClouds/T_CloudMask.uexp" 868
"../../../Engine/Content/EngineSky/VolumetricClouds/VT_Lightning.uasset" 869
"../../../Engine/Content/EngineSky/VolumetricClouds/VT_Lightning.uexp" 870
"../../../Engine/Content/EngineSky/VolumetricClouds/T_Profile_08.ubulk" 871
"../../../Engine/Content/EngineSky/VolumetricClouds/T_Profile_08.uasset" 872
"../../../Engine/Content/EngineSky/VolumetricClouds/T_Profile_08.uexp" 873
"../../../Engine/Content/Functions/Engine_MaterialFunctions02/Utility/MakeFloat4.uasset" 874
"../../../Engine/Content/Functions/Engine_MaterialFunctions02/Utility/MakeFloat4.uexp" 875
"../../../Engine/Content/Functions/Engine_MaterialFunctions01/Units/Km-to-Cm.uasset" 876
"../../../Engine/Content/Functions/Engine_MaterialFunctions01/Units/Km-to-Cm.uexp" 877
"../../../Engine/Content/Functions/Engine_MaterialFunctions02/Utility/BreakOutFloat4Components.uasset" 878
"../../../Engine/Content/Functions/Engine_MaterialFunctions02/Utility/BreakOutFloat4Components.uexp" 879
"../../../Engine/Content/EngineSky/VolumetricClouds/T_CloudPattern.ubulk" 880
"../../../Engine/Content/EngineSky/VolumetricClouds/T_CloudPattern.uasset" 881
"../../../Engine/Content/EngineSky/VolumetricClouds/T_CloudPattern.uexp" 882
"../../../Engine/Content/EngineSky/VolumetricClouds/VT_PerlinWorley_Balanced.uasset" 883
"../../../Engine/Content/EngineSky/VolumetricClouds/VT_PerlinWorley_Balanced.uexp" 884
"../../../Engine/Content/EngineSky/VolumetricClouds/m_SimpleVolumetricCloud.uasset" 885
"../../../Engine/Content/EngineSky/VolumetricClouds/m_SimpleVolumetricCloud.uexp" 886
"../../../Engine/Content/EngineSky/VolumetricClouds/m_SimpleVolumetricCloud_Inst.uasset" 887
"../../../Engine/Content/EngineSky/VolumetricClouds/m_SimpleVolumetricCloud_Inst.uexp" 888
"../../../Engine/Content/EditorMaterials/Camera/CineMat.uasset" 889
"../../../Engine/Content/EditorMaterials/Camera/CineMat.uexp" 890
"../../../Engine/Content/EditorMaterials/Camera/MI_CineMat_Rig.uasset" 891
"../../../Engine/Content/EditorMaterials/Camera/MI_CineMat_Rig.uexp" 892
"../../../Engine/Content/EditorMeshes/Camera/SM_RailRig_Track.ubulk" 893
"../../../Engine/Content/EditorMeshes/Camera/SM_RailRig_Track.uasset" 894
"../../../Engine/Content/EditorMeshes/Camera/SM_RailRig_Track.uexp" 895
"../../../Engine/Content/EditorMeshes/Camera/SM_RailRig_Mount.ubulk" 896
"../../../Engine/Content/EditorMeshes/Camera/SM_RailRig_Mount.uasset" 897
"../../../Engine/Content/EditorMeshes/Camera/SM_RailRig_Mount.uexp" 898
"../../../Engine/Content/EditorMeshes/Camera/SM_CraneRig_Mount.ubulk" 899
"../../../Engine/Content/EditorMeshes/Camera/SM_CraneRig_Mount.uasset" 900
"../../../Engine/Content/EditorMeshes/Camera/SM_CraneRig_Mount.uexp" 901
"../../../Engine/Content/EditorMeshes/Camera/SM_CraneRig_Body.ubulk" 902
"../../../Engine/Content/EditorMeshes/Camera/SM_CraneRig_Body.uasset" 903
"../../../Engine/Content/EditorMeshes/Camera/SM_CraneRig_Body.uexp" 904
"../../../Engine/Content/EditorMeshes/Camera/SM_CraneRig_Base.ubulk" 905
"../../../Engine/Content/EditorMeshes/Camera/SM_CraneRig_Base.uasset" 906
"../../../Engine/Content/EditorMeshes/Camera/SM_CraneRig_Base.uexp" 907
"../../../Engine/Content/EditorMeshes/Camera/SM_CraneRig_Arm.ubulk" 908
"../../../Engine/Content/EditorMeshes/Camera/SM_CraneRig_Arm.uasset" 909
"../../../Engine/Content/EditorMeshes/Camera/SM_CraneRig_Arm.uexp" 910
"../../../Engine/Plugins/Interchange/Assets/Content/gltf/Textures/T_White_srgb.uasset" 911
"../../../Engine/Plugins/Interchange/Assets/Content/gltf/Textures/T_White_srgb.uexp" 912
"../../../Engine/Plugins/Interchange/Assets/Content/gltf/MaterialFunctions/MF_BaseColor.uasset" 913
"../../../Engine/Plugins/Interchange/Assets/Content/gltf/MaterialFunctions/MF_BaseColor.uexp" 914
"../../../Engine/Plugins/Interchange/Assets/Content/gltf/MaterialFunctions/MF_RotateV2.uasset" 915
"../../../Engine/Plugins/Interchange/Assets/Content/gltf/MaterialFunctions/MF_RotateV2.uexp" 916
"../../../Engine/Plugins/Interchange/Assets/Content/gltf/MaterialFunctions/MF_TransformUVs.uasset" 917
"../../../Engine/Plugins/Interchange/Assets/Content/gltf/MaterialFunctions/MF_TransformUVs.uexp" 918
"../../../Engine/Plugins/Interchange/Assets/Content/gltf/MaterialBodies/MF_Unlit_Body.uasset" 919
"../../../Engine/Plugins/Interchange/Assets/Content/gltf/MaterialBodies/MF_Unlit_Body.uexp" 920
"../../../Engine/Plugins/Interchange/Assets/Content/gltf/M_Unlit.uasset" 921
"../../../Engine/Plugins/Interchange/Assets/Content/gltf/M_Unlit.uexp" 922
"../../../Engine/Plugins/Interchange/Assets/Content/gltf/MaterialInstances/MI_Unlit_Opaque_DS.uasset" 923
"../../../Engine/Plugins/Interchange/Assets/Content/gltf/MaterialInstances/MI_Unlit_Opaque_DS.uexp" 924
"../../../Engine/Plugins/Interchange/Assets/Content/gltf/MaterialInstances/MI_Unlit_Opaque.uasset" 925
"../../../Engine/Plugins/Interchange/Assets/Content/gltf/MaterialInstances/MI_Unlit_Opaque.uexp" 926
"../../../Engine/Plugins/Interchange/Assets/Content/gltf/MaterialInstances/MI_Unlit_Mask_DS.uasset" 927
"../../../Engine/Plugins/Interchange/Assets/Content/gltf/MaterialInstances/MI_Unlit_Mask_DS.uexp" 928
"../../../Engine/Plugins/Interchange/Assets/Content/gltf/MaterialInstances/MI_Unlit_Mask.uasset" 929
"../../../Engine/Plugins/Interchange/Assets/Content/gltf/MaterialInstances/MI_Unlit_Mask.uexp" 930
"../../../Engine/Plugins/Interchange/Assets/Content/gltf/MaterialInstances/MI_Unlit_Blend_DS.uasset" 931
"../../../Engine/Plugins/Interchange/Assets/Content/gltf/MaterialInstances/MI_Unlit_Blend_DS.uexp" 932
"../../../Engine/Plugins/Interchange/Assets/Content/gltf/MaterialInstances/MI_Unlit_Blend.uasset" 933
"../../../Engine/Plugins/Interchange/Assets/Content/gltf/MaterialInstances/MI_Unlit_Blend.uexp" 934
"../../../Engine/Content/Functions/Engine_MaterialFunctions02/Math/Transform3x3Matrix.uasset" 935
"../../../Engine/Content/Functions/Engine_MaterialFunctions02/Math/Transform3x3Matrix.uexp" 936
"../../../Engine/Content/EngineMaterials/Good64x64TilingNoiseHighFreq.uasset" 937
"../../../Engine/Content/EngineMaterials/Good64x64TilingNoiseHighFreq.uexp" 938
"../../../Engine/Content/Functions/Engine_MaterialFunctions02/Texturing/ScreenAlignedPixelToPixelUVs.uasset" 939
"../../../Engine/Content/Functions/Engine_MaterialFunctions02/Texturing/ScreenAlignedPixelToPixelUVs.uexp" 940
"../../../Engine/Plugins/Interchange/Assets/Content/gltf/MaterialFunctions/MF_Temporal_Blur.uasset" 941
"../../../Engine/Plugins/Interchange/Assets/Content/gltf/MaterialFunctions/MF_Temporal_Blur.uexp" 942
"../../../Engine/Plugins/Interchange/Assets/Content/gltf/MaterialFunctions/MF_Specular.uasset" 943
"../../../Engine/Plugins/Interchange/Assets/Content/gltf/MaterialFunctions/MF_Specular.uexp" 944
"../../../Engine/Plugins/Interchange/Assets/Content/gltf/Textures/T_Anisotropy_Direction_Linear.uasset" 945
"../../../Engine/Plugins/Interchange/Assets/Content/gltf/Textures/T_Anisotropy_Direction_Linear.uexp" 946
"../../../Engine/Plugins/Interchange/Assets/Content/gltf/MaterialFunctions/MF_SpecularAnisotropy.uasset" 947
"../../../Engine/Plugins/Interchange/Assets/Content/gltf/MaterialFunctions/MF_SpecularAnisotropy.uexp" 948
"../../../Engine/Plugins/Interchange/Assets/Content/gltf/Textures/T_White_Linear.uasset" 949
"../../../Engine/Plugins/Interchange/Assets/Content/gltf/Textures/T_White_Linear.uexp" 950
"../../../Engine/Plugins/Interchange/Assets/Content/gltf/MaterialFunctions/MF_MetallicRoughness.uasset" 951
"../../../Engine/Plugins/Interchange/Assets/Content/gltf/MaterialFunctions/MF_MetallicRoughness.uexp" 952
"../../../Engine/Plugins/Interchange/Assets/Content/gltf/Textures/T_Generic_N.uasset" 953
"../../../Engine/Plugins/Interchange/Assets/Content/gltf/Textures/T_Generic_N.uexp" 954
"../../../Engine/Plugins/Interchange/Assets/Content/gltf/MaterialFunctions/MF_ScaleNormal.uasset" 955
"../../../Engine/Plugins/Interchange/Assets/Content/gltf/MaterialFunctions/MF_ScaleNormal.uexp" 956
"../../../Engine/Plugins/Interchange/Assets/Content/gltf/MaterialFunctions/MF_Fresnel_DS.uasset" 957
"../../../Engine/Plugins/Interchange/Assets/Content/gltf/MaterialFunctions/MF_Fresnel_DS.uexp" 958
"../../../Engine/Plugins/Interchange/Assets/Content/gltf/MaterialFunctions/MF_Iridescence.uasset" 959
"../../../Engine/Plugins/Interchange/Assets/Content/gltf/MaterialFunctions/MF_Iridescence.uexp" 960
"../../../Engine/Plugins/Interchange/Assets/Content/gltf/MaterialFunctions/MF_Occlusion.uasset" 961
"../../../Engine/Plugins/Interchange/Assets/Content/gltf/MaterialFunctions/MF_Occlusion.uexp" 962
"../../../Engine/Plugins/Interchange/Assets/Content/gltf/MaterialFunctions/MF_IOR.uasset" 963
"../../../Engine/Plugins/Interchange/Assets/Content/gltf/MaterialFunctions/MF_IOR.uexp" 964
"../../../Engine/Plugins/Interchange/Assets/Content/gltf/MaterialFunctions/MF_Transmission.uasset" 965
"../../../Engine/Plugins/Interchange/Assets/Content/gltf/MaterialFunctions/MF_Transmission.uexp" 966
"../../../Engine/Plugins/Interchange/Assets/Content/gltf/MaterialFunctions/MF_RotateNormals_TS.uasset" 967
"../../../Engine/Plugins/Interchange/Assets/Content/gltf/MaterialFunctions/MF_RotateNormals_TS.uexp" 968
"../../../Engine/Plugins/Interchange/Assets/Content/gltf/MaterialFunctions/MF_Normals.uasset" 969
"../../../Engine/Plugins/Interchange/Assets/Content/gltf/MaterialFunctions/MF_Normals.uexp" 970
"../../../Engine/Plugins/Interchange/Assets/Content/gltf/MaterialBodies/MF_Transmission_Body.uasset" 971
"../../../Engine/Plugins/Interchange/Assets/Content/gltf/MaterialBodies/MF_Transmission_Body.uexp" 972
"../../../Engine/Plugins/Interchange/Assets/Content/gltf/M_Transmission.uasset" 973
"../../../Engine/Plugins/Interchange/Assets/Content/gltf/M_Transmission.uexp" 974
"../../../Engine/Plugins/Interchange/Assets/Content/gltf/MaterialInstances/MI_Transmission_DS.uasset" 975
"../../../Engine/Plugins/Interchange/Assets/Content/gltf/MaterialInstances/MI_Transmission_DS.uexp" 976
"../../../Engine/Plugins/Interchange/Assets/Content/gltf/MaterialInstances/MI_Transmission.uasset" 977
"../../../Engine/Plugins/Interchange/Assets/Content/gltf/MaterialInstances/MI_Transmission.uexp" 978
"../../../Engine/Content/Functions/Engine_MaterialFunctions02/Math/AddComponents.uasset" 979
"../../../Engine/Content/Functions/Engine_MaterialFunctions02/Math/AddComponents.uexp" 980
"../../../Engine/Plugins/Interchange/Assets/Content/gltf/MaterialFunctions/MF_DiffuseSpecGloss.uasset" 981
"../../../Engine/Plugins/Interchange/Assets/Content/gltf/MaterialFunctions/MF_DiffuseSpecGloss.uexp" 982
"../../../Engine/Plugins/Interchange/Assets/Content/gltf/MaterialFunctions/MF_Emissive.uasset" 983
"../../../Engine/Plugins/Interchange/Assets/Content/gltf/MaterialFunctions/MF_Emissive.uexp" 984
"../../../Engine/Plugins/Interchange/Assets/Content/gltf/MaterialFunctions/MF_PerceivedBrightness.uasset" 985
"../../../Engine/Plugins/Interchange/Assets/Content/gltf/MaterialFunctions/MF_PerceivedBrightness.uexp" 986
"../../../Engine/Plugins/Interchange/Assets/Content/gltf/MaterialFunctions/MF_SpecGlossToMetalRoughness.uasset" 987
"../../../Engine/Plugins/Interchange/Assets/Content/gltf/MaterialFunctions/MF_SpecGlossToMetalRoughness.uexp" 988
"../../../Engine/Plugins/Interchange/Assets/Content/gltf/MaterialFunctions/MF_MaxComponentValue.uasset" 989
"../../../Engine/Plugins/Interchange/Assets/Content/gltf/MaterialFunctions/MF_MaxComponentValue.uexp" 990
"../../../Engine/Plugins/Interchange/Assets/Content/gltf/MaterialBodies/MF_SpecularGlossiness_Body.uasset" 991
"../../../Engine/Plugins/Interchange/Assets/Content/gltf/MaterialBodies/MF_SpecularGlossiness_Body.uexp" 992
"../../../Engine/Plugins/Interchange/Assets/Content/gltf/M_SpecularGlossiness.uasset" 993
"../../../Engine/Plugins/Interchange/Assets/Content/gltf/M_SpecularGlossiness.uexp" 994
"../../../Engine/Plugins/Interchange/Assets/Content/gltf/MaterialInstances/MI_SpecularGlossiness_Opaque_DS.uasset" 995
"../../../Engine/Plugins/Interchange/Assets/Content/gltf/MaterialInstances/MI_SpecularGlossiness_Opaque_DS.uexp" 996
"../../../Engine/Plugins/Interchange/Assets/Content/gltf/MaterialInstances/MI_SpecularGlossiness_Opaque.uasset" 997
"../../../Engine/Plugins/Interchange/Assets/Content/gltf/MaterialInstances/MI_SpecularGlossiness_Opaque.uexp" 998
"../../../Engine/Plugins/Interchange/Assets/Content/gltf/MaterialInstances/MI_SpecularGlossiness_Mask_DS.uasset" 999
"../../../Engine/Plugins/Interchange/Assets/Content/gltf/MaterialInstances/MI_SpecularGlossiness_Mask_DS.uexp" 1000
"../../../Engine/Plugins/Interchange/Assets/Content/gltf/MaterialInstances/MI_SpecularGlossiness_Mask.uasset" 1001
"../../../Engine/Plugins/Interchange/Assets/Content/gltf/MaterialInstances/MI_SpecularGlossiness_Mask.uexp" 1002
"../../../Engine/Plugins/Interchange/Assets/Content/gltf/MaterialInstances/MI_SpecularGlossiness_Blend_DS.uasset" 1003
"../../../Engine/Plugins/Interchange/Assets/Content/gltf/MaterialInstances/MI_SpecularGlossiness_Blend_DS.uexp" 1004
"../../../Engine/Plugins/Interchange/Assets/Content/gltf/MaterialInstances/MI_SpecularGlossiness_Blend.uasset" 1005
"../../../Engine/Plugins/Interchange/Assets/Content/gltf/MaterialInstances/MI_SpecularGlossiness_Blend.uexp" 1006
"../../../Engine/Plugins/Interchange/Assets/Content/gltf/MaterialFunctions/MF_Sheen.uasset" 1007
"../../../Engine/Plugins/Interchange/Assets/Content/gltf/MaterialFunctions/MF_Sheen.uexp" 1008
"../../../Engine/Plugins/Interchange/Assets/Content/gltf/MaterialBodies/MF_Sheen_Body.uasset" 1009
"../../../Engine/Plugins/Interchange/Assets/Content/gltf/MaterialBodies/MF_Sheen_Body.uexp" 1010
"../../../Engine/Plugins/Interchange/Assets/Content/gltf/M_Sheen.uasset" 1011
"../../../Engine/Plugins/Interchange/Assets/Content/gltf/M_Sheen.uexp" 1012
"../../../Engine/Plugins/Interchange/Assets/Content/gltf/MaterialInstances/MI_Sheen_Opaque_DS.uasset" 1013
"../../../Engine/Plugins/Interchange/Assets/Content/gltf/MaterialInstances/MI_Sheen_Opaque_DS.uexp" 1014
"../../../Engine/Plugins/Interchange/Assets/Content/gltf/MaterialInstances/MI_Sheen_Opaque.uasset" 1015
"../../../Engine/Plugins/Interchange/Assets/Content/gltf/MaterialInstances/MI_Sheen_Opaque.uexp" 1016
"../../../Engine/Plugins/Interchange/Assets/Content/gltf/MaterialInstances/MI_Sheen_Mask_DS.uasset" 1017
"../../../Engine/Plugins/Interchange/Assets/Content/gltf/MaterialInstances/MI_Sheen_Mask_DS.uexp" 1018
"../../../Engine/Plugins/Interchange/Assets/Content/gltf/MaterialInstances/MI_Sheen_Mask.uasset" 1019
"../../../Engine/Plugins/Interchange/Assets/Content/gltf/MaterialInstances/MI_Sheen_Mask.uexp" 1020
"../../../Engine/Plugins/Interchange/Assets/Content/gltf/MaterialInstances/MI_Sheen_Blend_DS.uasset" 1021
"../../../Engine/Plugins/Interchange/Assets/Content/gltf/MaterialInstances/MI_Sheen_Blend_DS.uexp" 1022
"../../../Engine/Plugins/Interchange/Assets/Content/gltf/MaterialInstances/MI_Sheen_Blend.uasset" 1023
"../../../Engine/Plugins/Interchange/Assets/Content/gltf/MaterialInstances/MI_Sheen_Blend.uexp" 1024
"../../../Engine/Plugins/Interchange/Assets/Content/gltf/MaterialBodies/MF_Default_Body.uasset" 1025
"../../../Engine/Plugins/Interchange/Assets/Content/gltf/MaterialBodies/MF_Default_Body.uexp" 1026
"../../../Engine/Plugins/Interchange/Assets/Content/gltf/M_Default.uasset" 1027
"../../../Engine/Plugins/Interchange/Assets/Content/gltf/M_Default.uexp" 1028
"../../../Engine/Plugins/Interchange/Assets/Content/gltf/MaterialInstances/MI_Default_Opaque_DS.uasset" 1029
"../../../Engine/Plugins/Interchange/Assets/Content/gltf/MaterialInstances/MI_Default_Opaque_DS.uexp" 1030
"../../../Engine/Plugins/Interchange/Assets/Content/gltf/MaterialInstances/MI_Default_Opaque.uasset" 1031
"../../../Engine/Plugins/Interchange/Assets/Content/gltf/MaterialInstances/MI_Default_Opaque.uexp" 1032
"../../../Engine/Plugins/Interchange/Assets/Content/gltf/MaterialInstances/MI_Default_Mask_DS.uasset" 1033
"../../../Engine/Plugins/Interchange/Assets/Content/gltf/MaterialInstances/MI_Default_Mask_DS.uexp" 1034
"../../../Engine/Plugins/Interchange/Assets/Content/gltf/MaterialInstances/MI_Default_Mask.uasset" 1035
"../../../Engine/Plugins/Interchange/Assets/Content/gltf/MaterialInstances/MI_Default_Mask.uexp" 1036
"../../../Engine/Plugins/Interchange/Assets/Content/gltf/MaterialInstances/MI_Default_Blend_DS.uasset" 1037
"../../../Engine/Plugins/Interchange/Assets/Content/gltf/MaterialInstances/MI_Default_Blend_DS.uexp" 1038
"../../../Engine/Plugins/Interchange/Assets/Content/gltf/MaterialInstances/MI_Default_Blend.uasset" 1039
"../../../Engine/Plugins/Interchange/Assets/Content/gltf/MaterialInstances/MI_Default_Blend.uexp" 1040
"../../../Engine/Content/Functions/Engine_MaterialFunctions01/Texturing/FlattenNormal.uasset" 1041
"../../../Engine/Content/Functions/Engine_MaterialFunctions01/Texturing/FlattenNormal.uexp" 1042
"../../../Engine/Plugins/Interchange/Assets/Content/gltf/MaterialFunctions/MF_Clearcoat.uasset" 1043
"../../../Engine/Plugins/Interchange/Assets/Content/gltf/MaterialFunctions/MF_Clearcoat.uexp" 1044
"../../../Engine/Plugins/Interchange/Assets/Content/gltf/MaterialBodies/MF_ClearCoat_Body.uasset" 1045
"../../../Engine/Plugins/Interchange/Assets/Content/gltf/MaterialBodies/MF_ClearCoat_Body.uexp" 1046
"../../../Engine/Plugins/Interchange/Assets/Content/gltf/M_ClearCoat.uasset" 1047
"../../../Engine/Plugins/Interchange/Assets/Content/gltf/M_ClearCoat.uexp" 1048
"../../../Engine/Plugins/Interchange/Assets/Content/gltf/MaterialInstances/MI_ClearCoat_Opaque_DS.uasset" 1049
"../../../Engine/Plugins/Interchange/Assets/Content/gltf/MaterialInstances/MI_ClearCoat_Opaque_DS.uexp" 1050
"../../../Engine/Plugins/Interchange/Assets/Content/gltf/MaterialInstances/MI_ClearCoat_Opaque.uasset" 1051
"../../../Engine/Plugins/Interchange/Assets/Content/gltf/MaterialInstances/MI_ClearCoat_Opaque.uexp" 1052
"../../../Engine/Plugins/Interchange/Assets/Content/gltf/MaterialInstances/MI_ClearCoat_Mask_DS.uasset" 1053
"../../../Engine/Plugins/Interchange/Assets/Content/gltf/MaterialInstances/MI_ClearCoat_Mask_DS.uexp" 1054
"../../../Engine/Plugins/Interchange/Assets/Content/gltf/MaterialInstances/MI_ClearCoat_Mask.uasset" 1055
"../../../Engine/Plugins/Interchange/Assets/Content/gltf/MaterialInstances/MI_ClearCoat_Mask.uexp" 1056
"../../../Engine/Plugins/Interchange/Assets/Content/gltf/MaterialInstances/MI_ClearCoat_Blend_DS.uasset" 1057
"../../../Engine/Plugins/Interchange/Assets/Content/gltf/MaterialInstances/MI_ClearCoat_Blend_DS.uexp" 1058
"../../../Engine/Plugins/Interchange/Assets/Content/gltf/MaterialInstances/MI_ClearCoat_Blend.uasset" 1059
"../../../Engine/Plugins/Interchange/Assets/Content/gltf/MaterialInstances/MI_ClearCoat_Blend.uexp" 1060
"../../../Engine/Content/EngineMaterials/Substrate/GLints/AGlintTex2dArray.uasset" 1061
"../../../Engine/Content/EngineMaterials/Substrate/GLints/AGlintTex2dArray.uexp" 1062
"../../../Engine/Content/ArtTools/RenderToTexture/Meshes/S_1_Unit_Plane.ubulk" 1063
"../../../Engine/Content/ArtTools/RenderToTexture/Meshes/S_1_Unit_Plane.uasset" 1064
"../../../Engine/Content/ArtTools/RenderToTexture/Meshes/S_1_Unit_Plane.uexp" 1065
"../../../Engine/Content/EngineMaterials/Substrate/GLints2/AGlintTex2dArray2.uasset" 1066
"../../../Engine/Content/EngineMaterials/Substrate/GLints2/AGlintTex2dArray2.uexp" 1067
"../../../Engine/Plugins/NNE/NNEDenoiser/Content/NNE_oidn2-3-0_rt_hdr_calb_cnrm_large__dyn__fp16_opset11_ForwardAlpha.uasset" 1068
"../../../Engine/Plugins/NNE/NNEDenoiser/Content/NNE_oidn2-3-0_rt_hdr_calb_cnrm_large__dyn__fp16_opset11_ForwardAlpha.uexp" 1069
"../../../Engine/Plugins/NNE/NNEDenoiser/Content/NNE_oidn2-3-0_rt_hdr_calb_cnrm_large__dyn__fp16_opset11_DenoiseAlpha.uasset" 1070
"../../../Engine/Plugins/NNE/NNEDenoiser/Content/NNE_oidn2-3-0_rt_hdr_calb_cnrm_large__dyn__fp16_opset11_DenoiseAlpha.uexp" 1071
"../../../Engine/Plugins/NNE/NNEDenoiser/Content/NNE_oidn2-3-0_rt_hdr_alb_nrm__dyn__fp16_opset11_ForwardAlpha.uasset" 1072
"../../../Engine/Plugins/NNE/NNEDenoiser/Content/NNE_oidn2-3-0_rt_hdr_alb_nrm__dyn__fp16_opset11_ForwardAlpha.uexp" 1073
"../../../Engine/Plugins/NNE/NNEDenoiser/Content/NNE_oidn2-3-0_rt_hdr_alb_nrm__dyn__fp16_opset11_DenoiseAlpha.uasset" 1074
"../../../Engine/Plugins/NNE/NNEDenoiser/Content/NNE_oidn2-3-0_rt_hdr_alb_nrm__dyn__fp16_opset11_DenoiseAlpha.uexp" 1075
"../../../Engine/Plugins/NNE/NNEDenoiser/Content/NNE_oidn2-3-0_rt_hdr_alb_nrm_small__dyn__fp16_opset11_ForwardAlpha.uasset" 1076
"../../../Engine/Plugins/NNE/NNEDenoiser/Content/NNE_oidn2-3-0_rt_hdr_alb_nrm_small__dyn__fp16_opset11_ForwardAlpha.uexp" 1077
"../../../Engine/Plugins/NNE/NNEDenoiser/Content/NNE_oidn2-3-0_rt_hdr_alb_nrm_small__dyn__fp16_opset11_DenoiseAlpha.uasset" 1078
"../../../Engine/Plugins/NNE/NNEDenoiser/Content/NNE_oidn2-3-0_rt_hdr_alb_nrm_small__dyn__fp16_opset11_DenoiseAlpha.uexp" 1079
"../../../Engine/Plugins/Animation/DeformerGraph/Content/Deformers/DG_LinearBlendSkin_Morph_Cloth_RecomputeNormals.uasset" 1080
"../../../Engine/Plugins/Animation/DeformerGraph/Content/Deformers/DG_LinearBlendSkin_Morph_Cloth_RecomputeNormals.uexp" 1081
"../../../Engine/Plugins/Animation/DeformerGraph/Content/Deformers/DG_LinearBlendSkin_Morph_Cloth.uasset" 1082
"../../../Engine/Plugins/Animation/DeformerGraph/Content/Deformers/DG_LinearBlendSkin_Morph_Cloth.uexp" 1083
"../../../Engine/Plugins/Animation/DeformerGraph/Content/DeformerFunctions/DG_Function_LinearBlendSkin_Morph_Cloth_PositionOnly.uasset" 1084
"../../../Engine/Plugins/Animation/DeformerGraph/Content/DeformerFunctions/DG_Function_LinearBlendSkin_Morph_Cloth_PositionOnly.uexp" 1085
"../../../Engine/Plugins/Animation/DeformerGraph/Content/DeformerFunctions/DG_Function_LinearBlendSkin_Morph_Cloth.uasset" 1086
"../../../Engine/Plugins/Animation/DeformerGraph/Content/DeformerFunctions/DG_Function_LinearBlendSkin_Morph_Cloth.uexp" 1087
"../../../Engine/Plugins/Animation/DeformerGraph/Content/DeformerFunctions/DG_Function_ComputeNormalsTangents.uasset" 1088
"../../../Engine/Plugins/Animation/DeformerGraph/Content/DeformerFunctions/DG_Function_ComputeNormalsTangents.uexp" 1089
"../../../Engine/Content/VREditor/TransformGizmo/StartRotationHandleIndicator.ubulk" 1090
"../../../Engine/Content/VREditor/TransformGizmo/StartRotationHandleIndicator.uasset" 1091
"../../../Engine/Content/VREditor/TransformGizmo/StartRotationHandleIndicator.uexp" 1092
"../../../Engine/Content/VREditor/Sounds/UI/Drop_Item_From_ContentBrowser.ubulk" 1093
"../../../Engine/Content/VREditor/Sounds/UI/Drop_Item_From_ContentBrowser.uasset" 1094
"../../../Engine/Content/VREditor/Sounds/UI/Drop_Item_From_ContentBrowser.uexp" 1095
"../../../Engine/Content/VREditor/TransformGizmo/PlaneTranslationHandle.ubulk" 1096
"../../../Engine/Content/VREditor/TransformGizmo/PlaneTranslationHandle.uasset" 1097
"../../../Engine/Content/VREditor/TransformGizmo/PlaneTranslationHandle.uexp" 1098
"../../../Engine/Content/VREditor/Sounds/UI/Object_Snaps_To_Grid.ubulk" 1099
"../../../Engine/Content/VREditor/Sounds/UI/Object_Snaps_To_Grid.uasset" 1100
"../../../Engine/Content/VREditor/Sounds/UI/Object_Snaps_To_Grid.uexp" 1101
"../../../Engine/Content/VREditor/Sounds/UI/Selection_Changes.ubulk" 1102
"../../../Engine/Content/VREditor/Sounds/UI/Selection_Changes.uasset" 1103
"../../../Engine/Content/VREditor/Sounds/UI/Selection_Changes.uexp" 1104
"../../../Engine/Content/VREditor/Sounds/UI/Object_Snaps_To_Another_Actor.ubulk" 1105
"../../../Engine/Content/VREditor/Sounds/UI/Object_Snaps_To_Another_Actor.uasset" 1106
"../../../Engine/Content/VREditor/Sounds/UI/Object_Snaps_To_Another_Actor.uexp" 1107
"../../../Engine/Content/VREditor/TransformGizmo/TranslucentTransformGizmoMaterial_Inst.uasset" 1108
"../../../Engine/Content/VREditor/TransformGizmo/TranslucentTransformGizmoMaterial_Inst.uexp" 1109
"../../../Engine/Content/VREditor/TransformGizmo/TransformGizmoFreeRotation.ubulk" 1110
"../../../Engine/Content/VREditor/TransformGizmo/TransformGizmoFreeRotation.uasset" 1111
"../../../Engine/Content/VREditor/TransformGizmo/TransformGizmoFreeRotation.uexp" 1112
"../../../Engine/Content/VREditor/Sounds/UI/Scaling_Down.ubulk" 1113
"../../../Engine/Content/VREditor/Sounds/UI/Scaling_Down.uasset" 1114
"../../../Engine/Content/VREditor/Sounds/UI/Scaling_Down.uexp" 1115
"../../../Engine/Content/Functions/Engine_MaterialFunctions02/SplitComponents.uasset" 1116
"../../../Engine/Content/Functions/Engine_MaterialFunctions02/SplitComponents.uexp" 1117
"../../../Engine/Content/VREditor/SnapGrid/SnapGridMaterial.uasset" 1118
"../../../Engine/Content/VREditor/SnapGrid/SnapGridMaterial.uexp" 1119
"../../../Engine/Content/VREditor/SnapGrid/SnapGridPlaneMesh.ubulk" 1120
"../../../Engine/Content/VREditor/SnapGrid/SnapGridPlaneMesh.uasset" 1121
"../../../Engine/Content/VREditor/SnapGrid/SnapGridPlaneMesh.uexp" 1122
"../../../Engine/Content/VREditor/Sounds/UI/Scaling_Up.ubulk" 1123
"../../../Engine/Content/VREditor/Sounds/UI/Scaling_Up.uasset" 1124
"../../../Engine/Content/VREditor/Sounds/UI/Scaling_Up.uexp" 1125
"../../../Engine/Content/VREditor/TransformGizmo/TransformGizmoMaterial_Inst.uasset" 1126
"../../../Engine/Content/VREditor/TransformGizmo/TransformGizmoMaterial_Inst.uexp" 1127
"../../../Engine/Content/VREditor/Sounds/UI/Gizmo_Handle_Clicked.ubulk" 1128
"../../../Engine/Content/VREditor/Sounds/UI/Gizmo_Handle_Clicked.uasset" 1129
"../../../Engine/Content/VREditor/Sounds/UI/Gizmo_Handle_Clicked.uexp" 1130
"../../../Engine/Content/VREditor/TransformGizmo/RotationHandleQuarter.ubulk" 1131
"../../../Engine/Content/VREditor/TransformGizmo/RotationHandleQuarter.uasset" 1132
"../../../Engine/Content/VREditor/TransformGizmo/RotationHandleQuarter.uexp" 1133
"../../../Engine/Content/VREditor/TransformGizmo/TranslateArrowHandle.ubulk" 1134
"../../../Engine/Content/VREditor/TransformGizmo/TranslateArrowHandle.uasset" 1135
"../../../Engine/Content/VREditor/TransformGizmo/TranslateArrowHandle.uexp" 1136
"../../../Engine/Content/VREditor/TransformGizmo/RotationHandleIndicator.ubulk" 1137
"../../../Engine/Content/VREditor/TransformGizmo/RotationHandleIndicator.uasset" 1138
"../../../Engine/Content/VREditor/TransformGizmo/RotationHandleIndicator.uexp" 1139
"../../../Engine/Content/VREditor/TransformGizmo/UniformScaleHandle.ubulk" 1140
"../../../Engine/Content/VREditor/TransformGizmo/UniformScaleHandle.uasset" 1141
"../../../Engine/Content/VREditor/TransformGizmo/UniformScaleHandle.uexp" 1142
"../../../Engine/Content/VREditor/TransformGizmo/RotationHandleFull.ubulk" 1143
"../../../Engine/Content/VREditor/TransformGizmo/RotationHandleFull.uasset" 1144
"../../../Engine/Content/VREditor/TransformGizmo/RotationHandleFull.uexp" 1145
"../../../Engine/Content/VREditor/Sounds/UI/Object_PickUp.ubulk" 1146
"../../../Engine/Content/VREditor/Sounds/UI/Object_PickUp.uasset" 1147
"../../../Engine/Content/VREditor/Sounds/UI/Object_PickUp.uexp" 1148
"../../../Engine/Content/EngineResources/LandscapeVisibilityLayerInfo.uasset" 1149
"../../../Engine/Content/EngineResources/LandscapeVisibilityLayerInfo.uexp" 1150
"C:/Users/jauma/Documents/GitHub/MistBornUE5/Misborn_Prototype/MB_Project/MB_Project/Content/LevelPrototyping/Textures/T_GridChecker_A.ubulk" 1151
"C:/Users/jauma/Documents/GitHub/MistBornUE5/Misborn_Prototype/MB_Project/MB_Project/Content/LevelPrototyping/Textures/T_GridChecker_A.uasset" 1152
"C:/Users/jauma/Documents/GitHub/MistBornUE5/Misborn_Prototype/MB_Project/MB_Project/Content/LevelPrototyping/Textures/T_GridChecker_A.uexp" 1153
"../../../Engine/Content/Functions/Engine_MaterialFunctions01/Gradient/LinearGradient.uasset" 1154
"../../../Engine/Content/Functions/Engine_MaterialFunctions01/Gradient/LinearGradient.uexp" 1155
"../../../Engine/Content/Functions/Engine_MaterialFunctions01/ImageAdjustment/CheapContrast.uasset" 1156
"../../../Engine/Content/Functions/Engine_MaterialFunctions01/ImageAdjustment/CheapContrast.uexp" 1157
"C:/Users/jauma/Documents/GitHub/MistBornUE5/Misborn_Prototype/MB_Project/MB_Project/Content/LevelPrototyping/Materials/MF_ProcGrid.uasset" 1158
"C:/Users/jauma/Documents/GitHub/MistBornUE5/Misborn_Prototype/MB_Project/MB_Project/Content/LevelPrototyping/Materials/MF_ProcGrid.uexp" 1159
"C:/Users/jauma/Documents/GitHub/MistBornUE5/Misborn_Prototype/MB_Project/MB_Project/Content/LevelPrototyping/Materials/M_PrototypeGrid.uasset" 1160
"C:/Users/jauma/Documents/GitHub/MistBornUE5/Misborn_Prototype/MB_Project/MB_Project/Content/LevelPrototyping/Materials/M_PrototypeGrid.uexp" 1161
"C:/Users/jauma/Documents/GitHub/MistBornUE5/Misborn_Prototype/MB_Project/MB_Project/Content/LevelPrototyping/Materials/MI_PrototypeGrid_Gray.uasset" 1162
"C:/Users/jauma/Documents/GitHub/MistBornUE5/Misborn_Prototype/MB_Project/MB_Project/Content/LevelPrototyping/Materials/MI_PrototypeGrid_Gray.uexp" 1163
"C:/Users/jauma/Documents/GitHub/MistBornUE5/Misborn_Prototype/MB_Project/MB_Project/Content/LevelPrototyping/Meshes/SM_Cube.ubulk" 1164
"C:/Users/jauma/Documents/GitHub/MistBornUE5/Misborn_Prototype/MB_Project/MB_Project/Content/LevelPrototyping/Meshes/SM_Cube.uasset" 1165
"C:/Users/jauma/Documents/GitHub/MistBornUE5/Misborn_Prototype/MB_Project/MB_Project/Content/LevelPrototyping/Meshes/SM_Cube.uexp" 1166
"C:/Users/jauma/Documents/GitHub/MistBornUE5/Misborn_Prototype/MB_Project/MB_Project/Content/LevelPrototyping/Materials/MI_PrototypeGrid_TopDark.uasset" 1167
"C:/Users/jauma/Documents/GitHub/MistBornUE5/Misborn_Prototype/MB_Project/MB_Project/Content/LevelPrototyping/Materials/MI_PrototypeGrid_TopDark.uexp" 1168
"C:/Users/jauma/Documents/GitHub/MistBornUE5/Misborn_Prototype/MB_Project/MB_Project/Content/LevelPrototyping/Meshes/SM_QuarterCylinder.ubulk" 1169
"C:/Users/jauma/Documents/GitHub/MistBornUE5/Misborn_Prototype/MB_Project/MB_Project/Content/LevelPrototyping/Meshes/SM_QuarterCylinder.uasset" 1170
"C:/Users/jauma/Documents/GitHub/MistBornUE5/Misborn_Prototype/MB_Project/MB_Project/Content/LevelPrototyping/Meshes/SM_QuarterCylinder.uexp" 1171
"C:/Users/jauma/Documents/GitHub/MistBornUE5/Misborn_Prototype/MB_Project/MB_Project/Content/LevelPrototyping/Meshes/SM_Ramp.ubulk" 1172
"C:/Users/jauma/Documents/GitHub/MistBornUE5/Misborn_Prototype/MB_Project/MB_Project/Content/LevelPrototyping/Meshes/SM_Ramp.uasset" 1173
"C:/Users/jauma/Documents/GitHub/MistBornUE5/Misborn_Prototype/MB_Project/MB_Project/Content/LevelPrototyping/Meshes/SM_Ramp.uexp" 1174
"C:/Users/jauma/Documents/GitHub/MistBornUE5/Misborn_Prototype/MB_Project/MB_Project/Content/GameAssets/3DModels/Detail_Roof_1.ubulk" 1175
"C:/Users/jauma/Documents/GitHub/MistBornUE5/Misborn_Prototype/MB_Project/MB_Project/Content/GameAssets/3DModels/Detail_Roof_1.uasset" 1176
"C:/Users/jauma/Documents/GitHub/MistBornUE5/Misborn_Prototype/MB_Project/MB_Project/Content/GameAssets/3DModels/Detail_Roof_1.uexp" 1177
"../../../Engine/Content/EngineSky/T_Sky_Stars.ubulk" 1178
"../../../Engine/Content/EngineSky/T_Sky_Stars.uasset" 1179
"../../../Engine/Content/EngineSky/T_Sky_Stars.uexp" 1180
"../../../Engine/Content/EngineSky/T_Sky_Clouds_M.ubulk" 1181
"../../../Engine/Content/EngineSky/T_Sky_Clouds_M.uasset" 1182
"../../../Engine/Content/EngineSky/T_Sky_Clouds_M.uexp" 1183
"../../../Engine/Content/EngineSky/T_Sky_Blue.ubulk" 1184
"../../../Engine/Content/EngineSky/T_Sky_Blue.uasset" 1185
"../../../Engine/Content/EngineSky/T_Sky_Blue.uexp" 1186
"../../../Engine/Content/EngineSky/M_Sky_Panning_Clouds2.uasset" 1187
"../../../Engine/Content/EngineSky/M_Sky_Panning_Clouds2.uexp" 1188
"../../../Engine/Content/EngineSky/SM_SkySphere.ubulk" 1189
"../../../Engine/Content/EngineSky/SM_SkySphere.uasset" 1190
"../../../Engine/Content/EngineSky/SM_SkySphere.uexp" 1191
"../../../Engine/Content/EngineSky/M_SimpleSkyDome.uasset" 1192
"../../../Engine/Content/EngineSky/M_SimpleSkyDome.uexp" 1193
"../../../Engine/Plugins/NNE/NNEDenoiser/Content/NNED_Oidn2-3_HighQuality_Alpha.uasset" 1194
"../../../Engine/Plugins/NNE/NNEDenoiser/Content/NNED_Oidn2-3_HighQuality_Alpha.uexp" 1195
"../../../Engine/Plugins/NNE/NNEDenoiser/Content/NNED_Oidn2-3_HighQuality.uasset" 1196
"../../../Engine/Plugins/NNE/NNEDenoiser/Content/NNED_Oidn2-3_HighQuality.uexp" 1197
"../../../Engine/Plugins/NNE/NNEDenoiser/Content/NNED_Oidn2-3_Fast_Alpha.uasset" 1198
"../../../Engine/Plugins/NNE/NNEDenoiser/Content/NNED_Oidn2-3_Fast_Alpha.uexp" 1199
"../../../Engine/Plugins/NNE/NNEDenoiser/Content/NNED_Oidn2-3_Fast.uasset" 1200
"../../../Engine/Plugins/NNE/NNEDenoiser/Content/NNED_Oidn2-3_Fast.uexp" 1201
"../../../Engine/Plugins/NNE/NNEDenoiser/Content/NNED_Oidn2-3_Balanced_Alpha.uasset" 1202
"../../../Engine/Plugins/NNE/NNEDenoiser/Content/NNED_Oidn2-3_Balanced_Alpha.uexp" 1203
"../../../Engine/Plugins/NNE/NNEDenoiser/Content/NNED_Oidn2-3_Balanced.uasset" 1204
"../../../Engine/Plugins/NNE/NNEDenoiser/Content/NNED_Oidn2-3_Balanced.uexp" 1205
"../../../Engine/Plugins/NNE/NNEDenoiser/Content/NNEDT_Oidn2-3_Balanced_Alpha.uasset" 1206
"../../../Engine/Plugins/NNE/NNEDenoiser/Content/NNEDT_Oidn2-3_Balanced_Alpha.uexp" 1207
"../../../Engine/Plugins/NNE/NNEDenoiser/Content/NNEDT_Oidn2-3_Balanced.uasset" 1208
"../../../Engine/Plugins/NNE/NNEDenoiser/Content/NNEDT_Oidn2-3_Balanced.uexp" 1209
"C:/Users/jauma/Documents/GitHub/MistBornUE5/Misborn_Prototype/MB_Project/MB_Project/Content/ThirdPerson/MB_GameMode.uasset" 1210
"C:/Users/jauma/Documents/GitHub/MistBornUE5/Misborn_Prototype/MB_Project/MB_Project/Content/ThirdPerson/MB_GameMode.uexp" 1211
"C:/Users/jauma/Documents/GitHub/MistBornUE5/Misborn_Prototype/MB_Project/MB_Project/Content/ThirdPerson/Maps/ThirdPersonMap.uexp" 1212
"C:/Users/jauma/Documents/GitHub/MistBornUE5/Misborn_Prototype/MB_Project/MB_Project/Content/ThirdPerson/Maps/ThirdPersonMap.umap" 1213
"../../../Engine/Content/Maps/Entry_BuiltData.uasset" 1214
"../../../Engine/Content/Maps/Entry_BuiltData.uexp" 1215
"../../../Engine/Content/Maps/Entry.uexp" 1216
"../../../Engine/Content/Maps/Entry.umap" 1217
